Index Name,Index Date,Open Index Value,High Index Value,Low Index Value,Closing Index Value,Points Change,Change(%),Volume,Turnover (Rs. Cr.),P/E,P/B,Div Yield
NIFTY100 Enhanced ESG,28-03-2018,-,-,-,1924.39,-12.47,-.64,518712069,21074.13,26.37,3.44,1.09
NIFTY100 Enhanced ESG,02-04-2018,-,-,-,1946.42,22.03,1.14,311628137,11640.73,26.61,3.47,1.08
NIFTY100 Enhanced ESG,03-04-2018,-,-,-,1956.38,9.96,.51,320122169,11547.15,26.74,3.49,1.08
NIFTY100 Enhanced ESG,04-04-2018,-,-,-,1931.98,-24.41,-1.25,342927676,12515.34,26.41,3.45,1.09
NIFTY100 Enhanced ESG,05-04-2018,-,-,-,1970.1,38.13,1.97,333834106,12864.59,26.93,3.52,1.07
NIFTY100 Enhanced ESG,06-04-2018,-,-,-,1971.55,1.44,.07,322429113,11180.23,26.95,3.52,1.07
NIFTY100 Enhanced ESG,09-04-2018,-,-,-,1979.76,8.22,.42,333000240,11773.21,27.06,3.53,1.07
NIFTY100 Enhanced ESG,10-04-2018,-,-,-,1984.41,4.65,.23,355948517,12587.51,27.13,3.54,1.06
NIFTY100 Enhanced ESG,11-04-2018,-,-,-,1989.29,4.88,.25,318331096,12007.92,27.19,3.55,1.06
NIFTY100 Enhanced ESG,12-04-2018,-,-,-,2001.01,11.73,.59,322878835,12900.85,27.35,3.57,1.05
NIFTY100 Enhanced ESG,13-04-2018,-,-,-,2005.48,4.46,.22,319789057,13592.59,27.41,3.58,1.05
NIFTY100 Enhanced ESG,16-04-2018,-,-,-,2010.3,4.82,.24,279659068,12149.42,27.48,3.59,1.05
NIFTY100 Enhanced ESG,17-04-2018,-,-,-,2013.88,3.58,.18,281794650,10984.09,27.53,3.59,1.05
NIFTY100 Enhanced ESG,18-04-2018,-,-,-,2006.79,-7.1,-.35,292234046,10260.54,27.43,3.58,1.05
NIFTY100 Enhanced ESG,19-04-2018,-,-,-,2017.78,10.28,.51,350208069,13264.66,27.56,3.6,1.05
NIFTY100 Enhanced ESG,20-04-2018,-,-,-,2020.29,2.5,.12,337080542,16120.64,27.6,3.6,1.05
NIFTY100 Enhanced ESG,23-04-2018,-,-,-,2028.98,8.69,.43,280553526,14305.06,27.73,3.62,1.04
NIFTY100 Enhanced ESG,24-04-2018,-,-,-,2036.06,7.08,.35,305766302,13584.82,27.83,3.64,1.04
NIFTY100 Enhanced ESG,25-04-2018,-,-,-,2033.62,-2.44,-.12,308385210,13016.19,27.79,3.63,1.04
NIFTY100 Enhanced ESG,26-04-2018,-,-,-,2044.85,11.23,.55,476336216,20539.02,27.95,3.65,1.03
NIFTY100 Enhanced ESG,27-04-2018,-,-,-,2058.29,13.44,.66,392764578,16482.34,28.13,3.68,1.03
NIFTY100 Enhanced ESG,30-04-2018,-,-,-,2068.49,10.2,.5,258407705,11127.48,28.27,3.7,1.02
NIFTY100 Enhanced ESG,02-05-2018,-,-,-,2059.91,-8.58,-.41,311947113,15180.35,28.15,3.68,1.03
NIFTY100 Enhanced ESG,03-05-2018,-,-,-,2047.09,-12.82,-.62,288522817,13548.28,27.98,3.66,1.03
NIFTY100 Enhanced ESG,04-05-2018,-,-,-,2037.22,-9.87,-.48,265809190,10320.61,27.84,3.64,1.04
NIFTY100 Enhanced ESG,07-05-2018,-,-,-,2057.66,20.45,1,232522080,9851.36,28.12,3.68,1.03
NIFTY100 Enhanced ESG,08-05-2018,-,-,-,2052.16,-5.51,-.27,362566964,13588.53,28.05,3.67,1.03
NIFTY100 Enhanced ESG,09-05-2018,-,-,-,2057.82,5.67,.28,276387174,11122.77,28.12,3.68,1.03
NIFTY100 Enhanced ESG,10-05-2018,-,-,-,2050.7,-7.13,-.35,268803573,11035.89,28.03,3.66,1.03
NIFTY100 Enhanced ESG,11-05-2018,-,-,-,2068.12,17.43,.85,349203670,11539.75,28.27,3.69,1.02
NIFTY100 Enhanced ESG,14-05-2018,-,-,-,2064.62,-3.5,-.17,273759264,9613.01,28.22,3.69,1.02
NIFTY100 Enhanced ESG,15-05-2018,-,-,-,2065.26,.63,.03,377019097,14011.12,28.23,3.69,1.02
NIFTY100 Enhanced ESG,16-05-2018,-,-,-,2056.87,-8.39,-.41,394731811,12500.66,28.11,3.67,1.03
NIFTY100 Enhanced ESG,17-05-2018,-,-,-,2046.64,-10.23,-.5,346050520,13647.77,27.97,3.66,1.03
NIFTY100 Enhanced ESG,18-05-2018,-,-,-,2031.43,-15.21,-.74,324410163,14095.15,27.73,3.63,1.04
NIFTY100 Enhanced ESG,21-05-2018,-,-,-,2013.28,-18.15,-.89,327978809,12445.07,27.49,3.6,1.05
NIFTY100 Enhanced ESG,22-05-2018,-,-,-,2019.07,5.79,.29,439354031,14285.85,27.57,3.61,1.05
NIFTY100 Enhanced ESG,23-05-2018,-,-,-,2002.89,-16.18,-.8,427964216,14650.98,27.35,3.58,1.05
NIFTY100 Enhanced ESG,24-05-2018,-,-,-,2021.57,18.68,.93,375781713,13144.99,27.6,3.61,1.05
NIFTY100 Enhanced ESG,25-05-2018,-,-,-,2042.03,20.47,1.01,362284487,12803.33,27.83,3.65,1.03
NIFTY100 Enhanced ESG,28-05-2018,-,-,-,2052.81,10.78,.53,348681426,12139.86,28.87,3.67,1.03
NIFTY100 Enhanced ESG,29-05-2018,-,-,-,2044.66,-8.16,-.4,318887595,11989.84,28.71,3.65,1.03
NIFTY100 Enhanced ESG,30-05-2018,-,-,-,2046.29,1.63,.08,341582773,13298.69,28.73,3.66,1.03
NIFTY100 Enhanced ESG,31-05-2018,-,-,-,2068.53,22.24,1.09,769779702,32187.3,28.85,3.69,1.06
NIFTY100 Enhanced ESG,01-06-2018,-,-,-,2057.19,-11.34,-.55,337782326,13196.1,28.69,3.67,1.07
NIFTY100 Enhanced ESG,04-06-2018,-,-,-,2048.67,-8.51,-.41,316984067,15045.72,28.57,3.65,1.07
NIFTY100 Enhanced ESG,05-06-2018,-,-,-,2038.84,-9.83,-.48,308761095,11033.06,28.43,3.63,1.08
NIFTY100 Enhanced ESG,06-06-2018,-,-,-,2058.27,19.43,.95,300824306,10762.36,28.71,3.67,1.07
NIFTY100 Enhanced ESG,07-06-2018,-,-,-,2077.85,19.57,.95,330645278,12071.7,28.97,3.7,1.06
NIFTY100 Enhanced ESG,08-06-2018,-,-,-,2078.61,.77,.04,328617775,12075.99,29.03,3.7,1.06
NIFTY100 Enhanced ESG,11-06-2018,-,-,-,2080.91,2.3,.11,329934422,11727.97,29.14,3.71,1.06
NIFTY100 Enhanced ESG,12-06-2018,-,-,-,2092.45,11.55,.55,318241462,12296.68,29.31,3.73,1.05
NIFTY100 Enhanced ESG,13-06-2018,-,-,-,2096.67,4.21,.2,312201772,12399.71,29.24,3.74,1.05
NIFTY100 Enhanced ESG,14-06-2018,-,-,-,2087.74,-8.93,-.43,273892638,11590,29.12,3.72,1.05
NIFTY100 Enhanced ESG,15-06-2018,-,-,-,2089.27,1.54,.07,392212312,18498.54,29.14,3.72,1.05
NIFTY100 Enhanced ESG,18-06-2018,-,-,-,2083.04,-6.23,-.3,269662700,11329.45,27.95,3.71,1.06
NIFTY100 Enhanced ESG,19-06-2018,-,-,-,2062.54,-20.5,-.98,304753145,12382.92,27.68,3.68,1.07
NIFTY100 Enhanced ESG,20-06-2018,-,-,-,2075.55,13.02,.63,280956412,11614.52,27.84,3.7,1.06
NIFTY100 Enhanced ESG,21-06-2018,-,-,-,2069.77,-5.78,-.28,293035015,12674.94,27.76,3.69,1.06
NIFTY100 Enhanced ESG,22-06-2018,-,-,-,2082.5,12.73,.62,298696874,13322.32,27.93,3.71,1.06
NIFTY100 Enhanced ESG,25-06-2018,-,-,-,2072.18,-10.32,-.5,278232511,11056.22,27.79,3.69,1.06
NIFTY100 Enhanced ESG,26-06-2018,-,-,-,2069.73,-2.45,-.12,339695047,12977.96,27.88,3.69,1.06
NIFTY100 Enhanced ESG,27-06-2018,-,-,-,2050.62,-19.11,-.92,354617274,14244.62,27.56,3.66,1.07
NIFTY100 Enhanced ESG,28-06-2018,-,-,-,2036.23,-14.39,-.7,479134291,20323.36,27.43,3.63,1.08
NIFTY100 Enhanced ESG,29-06-2018,-,-,-,2061.77,25.54,1.25,292242571,14876.48,27.41,3.81,1.04
NIFTY100 Enhanced ESG,02-07-2018,-,-,-,2050.3,-11.47,-.56,271255924,11803.59,27.25,3.79,1.04
NIFTY100 Enhanced ESG,03-07-2018,-,-,-,2060.16,9.87,.48,238819525,10941.21,27.36,3.81,1.04
NIFTY100 Enhanced ESG,04-07-2018,-,-,-,2071.58,11.41,.55,223569296,11585.3,27.52,3.83,1.03
NIFTY100 Enhanced ESG,05-07-2018,-,-,-,2065.34,-6.24,-.3,267217281,13823.11,27.94,3.82,1.04
NIFTY100 Enhanced ESG,06-07-2018,-,-,-,2073.22,7.88,.38,310988646,14204.06,27.89,3.83,1.03
NIFTY100 Enhanced ESG,09-07-2018,-,-,-,2091.53,18.31,.88,225070558,10776.05,28.13,3.86,1.02
NIFTY100 Enhanced ESG,10-07-2018,-,-,-,2110.19,18.66,.89,265829338,13607.3,28.38,3.9,1.01
NIFTY100 Enhanced ESG,11-07-2018,-,-,-,2115.01,4.82,.23,277489511,16456.15,28.42,3.91,1.01
NIFTY100 Enhanced ESG,12-07-2018,-,-,-,2128.91,13.89,.66,313207351,16657.65,28.61,3.93,1.01
NIFTY100 Enhanced ESG,13-07-2018,-,-,-,2132.13,3.23,.15,290942846,14900.87,28.65,3.94,1
NIFTY100 Enhanced ESG,16-07-2018,-,-,-,2114.33,-17.8,-.83,273549920,14224.75,28.42,3.91,1.01
NIFTY100 Enhanced ESG,17-07-2018,-,-,-,2128.1,13.77,.65,322838308,13784.58,28.6,3.93,1.01
NIFTY100 Enhanced ESG,18-07-2018,-,-,-,2120.58,-7.52,-.35,398081403,14610.75,28.5,3.92,1.01
NIFTY100 Enhanced ESG,19-07-2018,-,-,-,2115.55,-5.03,-.24,389287453,13919.47,28.43,3.91,1.01
NIFTY100 Enhanced ESG,20-07-2018,-,-,-,2126.18,10.64,.5,287225490,15098.99,28.57,3.8,1.04
NIFTY100 Enhanced ESG,23-07-2018,-,-,-,2136.82,10.64,.5,308872322,15695.58,28.72,3.82,1.03
NIFTY100 Enhanced ESG,24-07-2018,-,-,-,2150.92,14.1,.66,405720070,16694.12,28.91,3.85,1.03
NIFTY100 Enhanced ESG,25-07-2018,-,-,-,2149.41,-1.51,-.07,311214720,14197.2,28.89,3.85,1.03
NIFTY100 Enhanced ESG,26-07-2018,-,-,-,2151.33,1.92,.09,493998462,23331.87,28.91,3.85,1.03
NIFTY100 Enhanced ESG,27-07-2018,-,-,-,2166.6,15.28,.71,356702479,13875.71,29.12,3.86,1.04
NIFTY100 Enhanced ESG,30-07-2018,-,-,-,2174.63,8.03,.37,320050672,14102.59,29.23,3.88,1.04
NIFTY100 Enhanced ESG,31-07-2018,-,-,-,2186.46,11.83,.54,396178624,17554.65,29.39,3.9,1.03
NIFTY100 Enhanced ESG,01-08-2018,-,-,-,2185.6,-0.87,-.04,428255539,16185.75,29.37,3.9,1.03
NIFTY100 Enhanced ESG,02-08-2018,-,-,-,2166.03,-19.57,-.9,310041276,13422.75,29.11,3.86,1.04
NIFTY100 Enhanced ESG,03-08-2018,-,-,-,2187.42,21.4,.99,295888754,13682.35,29.45,3.9,1.03
NIFTY100 Enhanced ESG,06-08-2018,-,-,-,2192.54,5.12,.23,270035949,12289.79,29.27,3.91,1.03
NIFTY100 Enhanced ESG,07-08-2018,-,-,-,2195.22,2.68,.12,299708877,13332.1,29.3,3.92,1.03
NIFTY100 Enhanced ESG,08-08-2018,-,-,-,2208.23,13.01,.59,298181118,12266.23,29.3,3.94,1.02
NIFTY100 Enhanced ESG,09-08-2018,-,-,-,2208.65,0.42,.02,327213382,14096.48,29.14,3.94,1.02
NIFTY100 Enhanced ESG,10-08-2018,-,-,-,2202.35,-6.3,-.29,370616744,15164.83,28.9,3.93,1.02
NIFTY100 Enhanced ESG,13-08-2018,-,-,-,2186.82,-15.53,-.71,294386198,12985.86,28.4,3.9,1.03
NIFTY100 Enhanced ESG,14-08-2018,-,-,-,2201.57,14.75,.67,263794980,13145.43,28.68,3.93,1.02
NIFTY100 Enhanced ESG,16-08-2018,-,-,-,2186.96,-14.61,-.66,274102644,14634.66,28.49,3.9,1.03
NIFTY100 Enhanced ESG,17-08-2018,-,-,-,2206.64,19.68,.9,241958683,12214.91,28.74,3.94,1.02
NIFTY100 Enhanced ESG,20-08-2018,-,-,-,2226.06,19.43,.88,297844091,14457.51,28.86,3.97,1.01
NIFTY100 Enhanced ESG,21-08-2018,-,-,-,2230.08,4.02,.18,281610459,14391.22,28.91,3.98,1.01
NIFTY100 Enhanced ESG,23-08-2018,-,-,-,2235.21,5.13,.23,306220885,16533.06,28.97,3.99,1.01
NIFTY100 Enhanced ESG,24-08-2018,-,-,-,2231.87,-3.34,-.15,273461200,13628.47,28.57,3.98,1.01
NIFTY100 Enhanced ESG,27-08-2018,-,-,-,2258.06,26.2,1.17,282559429,13108.22,29.14,4.03,1
NIFTY100 Enhanced ESG,28-08-2018,-,-,-,2267.17,9.11,.4,288730715,14349.85,29.14,4.04,.99
NIFTY100 Enhanced ESG,29-08-2018,-,-,-,2259.36,-7.81,-.34,358367978,16355.1,29.04,3.96,.99
NIFTY100 Enhanced ESG,30-08-2018,-,-,-,2251.84,-7.52,-.33,396605537,18987.71,28.94,3.95,.99
NIFTY100 Enhanced ESG,31-08-2018,-,-,-,2250.35,-1.49,-.07,452554813,20946.61,28.88,3.94,.99
NIFTY100 Enhanced ESG,03-09-2018,-,-,-,2232.7,-17.64,-.78,337153153,16381.93,28.65,3.91,1
NIFTY100 Enhanced ESG,04-09-2018,-,-,-,2217.94,-14.76,-.66,353500596,17617.8,28.46,3.89,1.01
NIFTY100 Enhanced ESG,05-09-2018,-,-,-,2206.0,-11.94,-.54,486960083,17745.66,28.31,3.87,1.01
NIFTY100 Enhanced ESG,06-09-2018,-,-,-,2219.36,13.36,.61,373599162,17237.58,28.48,3.89,1.01
NIFTY100 Enhanced ESG,07-09-2018,-,-,-,2233.39,14.04,.63,396734827,17731.97,28.66,3.91,1
NIFTY100 Enhanced ESG,10-09-2018,-,-,-,2203.71,-29.69,-1.33,363865278,16891.7,28.28,3.86,1.01
NIFTY100 Enhanced ESG,11-09-2018,-,-,-,2176.52,-27.18,-1.23,390978321,19252.58,27.93,3.81,1.03
NIFTY100 Enhanced ESG,12-09-2018,-,-,-,2188.71,12.18,.56,364697435,16378.27,28.09,3.84,1.02
NIFTY100 Enhanced ESG,14-09-2018,-,-,-,2216.2,27.49,1.26,350693129,17282.26,28.44,3.88,1.01
NIFTY100 Enhanced ESG,17-09-2018,-,-,-,2191.01,-25.18,-1.14,281739573,12848.96,28.12,3.84,1.02
NIFTY100 Enhanced ESG,18-09-2018,-,-,-,2173.2,-17.82,-.81,302390165,14558,27.78,3.82,1.03
NIFTY100 Enhanced ESG,19-09-2018,-,-,-,2166.11,-7.09,-.33,300249988,15061.55,27.69,3.81,1.03
NIFTY100 Enhanced ESG,21-09-2018,-,-,-,2129.36,-36.75,-1.7,866131446,35460.82,27.22,3.74,1.05
NIFTY100 Enhanced ESG,24-09-2018,-,-,-,2097.09,-32.26,-1.52,464738074,22525.13,26.81,3.69,1.07
NIFTY100 Enhanced ESG,25-09-2018,-,-,-,2113.65,16.56,.79,519613374,23410.98,27.02,3.72,1.06
NIFTY100 Enhanced ESG,26-09-2018,-,-,-,2116.49,2.84,.13,422096464,17570.27,27.06,3.69,1.04
NIFTY100 Enhanced ESG,27-09-2018,-,-,-,2098.44,-18.06,-.85,518834224,23190.85,26.83,3.66,1.05
NIFTY100 Enhanced ESG,28-09-2018,-,-,-,2083.51,-14.93,-.71,560506506,22697.41,26.63,3.63,1.06
NIFTY100 Enhanced ESG,01-10-2018,-,-,-,2092.45,8.95,.43,502541048,21196.25,26.75,3.64,1.06
NIFTY100 Enhanced ESG,03-10-2018,-,-,-,2060.72,-31.73,-1.52,475305647,21474.49,26.34,3.59,1.07
NIFTY100 Enhanced ESG,04-10-2018,-,-,-,2010.51,-50.22,-2.44,491216528,23292.7,25.7,3.5,1.1
NIFTY100 Enhanced ESG,05-10-2018,-,-,-,1963.94,-46.56,-2.32,644653605,23502.17,25.11,3.42,1.13
NIFTY100 Enhanced ESG,08-10-2018,-,-,-,1973.26,9.32,.47,529116017,21895.91,25.22,3.43,1.12
NIFTY100 Enhanced ESG,09-10-2018,-,-,-,1963.96,-9.3,-.47,535494009,19338.09,25.11,3.42,1.13
NIFTY100 Enhanced ESG,10-10-2018,-,-,-,1995.67,31.71,1.61,476754550,20613.82,25.51,3.47,1.11
NIFTY100 Enhanced ESG,11-10-2018,-,-,-,1953.13,-42.54,-2.13,562399570,22558.39,24.97,3.4,1.13
NIFTY100 Enhanced ESG,12-10-2018,-,-,-,1995.98,42.85,2.19,409555786,18909.33,25.52,3.47,1.11
NIFTY100 Enhanced ESG,15-10-2018,-,-,-,2002.1,6.12,.31,299353094,14461.3,25.59,3.49,1.1
NIFTY100 Enhanced ESG,16-10-2018,-,-,-,2020.26,18.16,.91,317589226,15960.6,25.74,3.52,1.09
NIFTY100 Enhanced ESG,17-10-2018,-,-,-,1990.68,-29.58,-1.46,354984317,17713.49,25.35,3.47,1.11
NIFTY100 Enhanced ESG,19-10-2018,-,-,-,1952.94,-37.74,-1.9,457545997,21753.42,24.87,3.4,1.13
NIFTY100 Enhanced ESG,22-10-2018,-,-,-,1931.36,-21.58,-1.1,336801086,17034.38,24.55,3.36,1.14
NIFTY100 Enhanced ESG,23-10-2018,-,-,-,1912.48,-18.88,-.98,346577576,18427.54,24.31,3.33,1.16
NIFTY100 Enhanced ESG,24-10-2018,-,-,-,1925.29,12.81,.67,408183189,19650.18,24.47,3.35,1.15
NIFTY100 Enhanced ESG,25-10-2018,-,-,-,1906.27,-19.02,-.99,572799099,22353.95,24.28,3.32,1.16
NIFTY100 Enhanced ESG,26-10-2018,-,-,-,1890.0,-16.26,-.85,432236685,16303.04,24.09,3.29,1.17
NIFTY100 Enhanced ESG,29-10-2018,-,-,-,1927.12,37.12,1.96,386194083,16520.75,24.56,3.35,1.15
NIFTY100 Enhanced ESG,30-10-2018,-,-,-,1921.76,-5.36,-.28,360595397,15136.03,24.31,3.35,1.15
NIFTY100 Enhanced ESG,31-10-2018,-,-,-,1961.71,39.95,2.08,449214261,22240.65,24.81,3.41,1.11
NIFTY100 Enhanced ESG,01-11-2018,-,-,-,1965.13,3.42,.17,450076619,19751.07,24.86,3.42,1.11
NIFTY100 Enhanced ESG,02-11-2018,-,-,-,1996.52,31.38,1.6,501169118,21747.29,25.25,3.47,1.09
NIFTY100 Enhanced ESG,05-11-2018,-,-,-,1997.1,0.58,.03,349683351,14378.76,25.26,3.47,1.09
NIFTY100 Enhanced ESG,06-11-2018,-,-,-,1997.59,0.49,.02,347793497,13744.2,25.27,3.47,1.09
NIFTY100 Enhanced ESG,09-11-2018,-,-,-,2010.15,-0.45,-.02,366518454,15339.21,25.42,3.5,1.09
NIFTY100 Enhanced ESG,12-11-2018,-,-,-,1994.37,-15.78,-.79,321492868,14057.22,25.21,3.47,1.09
NIFTY100 Enhanced ESG,13-11-2018,-,-,-,2012.36,17.99,.9,310804387,13625,25.44,3.5,1.09
NIFTY100 Enhanced ESG,14-11-2018,-,-,-,2007.31,-5.05,-.25,527132564,19439.22,25.38,3.49,1.09
NIFTY100 Enhanced ESG,15-11-2018,-,-,-,2015.58,8.27,.41,421032969,15014.5,25.48,3.5,1.08
NIFTY100 Enhanced ESG,16-11-2018,-,-,-,2025.75,10.17,.5,509585098,17390.48,25.61,3.52,1.08
NIFTY100 Enhanced ESG,19-11-2018,-,-,-,2044.5,18.76,.93,389826067,14293.65,25.85,3.56,1.07
NIFTY100 Enhanced ESG,20-11-2018,-,-,-,2021.2,-23.3,-1.14,378751458,13237.34,25.56,3.51,1.08
NIFTY100 Enhanced ESG,21-11-2018,-,-,-,2011.7,-9.5,-.47,391849947,15462.23,25.49,3.5,1.08
NIFTY100 Enhanced ESG,22-11-2018,-,-,-,1995.74,-15.96,-.79,337622143,12663.77,25.33,3.47,1.09
NIFTY100 Enhanced ESG,26-11-2018,-,-,-,2014.16,18.41,.92,411098117,16350.25,25.31,3.5,1.08
NIFTY100 Enhanced ESG,27-11-2018,-,-,-,2024.43,10.27,.51,409338667,15799.2,25.54,3.52,1.08
NIFTY100 Enhanced ESG,28-11-2018,-,-,-,2031.92,7.5,.37,510525862,17828.13,25.63,3.53,1.07
NIFTY100 Enhanced ESG,29-11-2018,-,-,-,2056.95,25.03,1.23,802780164,26564.77,25.95,3.58,1.06
NIFTY100 Enhanced ESG,30-11-2018,-,-,-,2065.18,8.23,.4,576678119,21533.96,26.05,3.59,1.06
NIFTY100 Enhanced ESG,03-12-2018,-,-,-,2068.31,3.13,.15,485151203,16560.68,26.09,3.6,1.05
NIFTY100 Enhanced ESG,04-12-2018,-,-,-,2064.68,-3.64,-.18,383185964,15391.47,26.05,3.59,1.06
NIFTY100 Enhanced ESG,05-12-2018,-,-,-,2050.48,-14.2,-.69,369655210,14078.06,25.87,3.57,1.06
NIFTY100 Enhanced ESG,06-12-2018,-,-,-,2012.73,-37.75,-1.84,369975713,14625.53,25.39,3.5,1.08
NIFTY100 Enhanced ESG,07-12-2018,-,-,-,2033.55,20.82,1.03,424992302,18428.74,25.65,3.54,1.07
NIFTY100 Enhanced ESG,10-12-2018,-,-,-,1990.05,-43.5,-2.14,425438816,15660.18,25.1,3.46,1.1
NIFTY100 Enhanced ESG,11-12-2018,-,-,-,2009.1,19.06,.96,474011592,18928.82,25.34,3.49,1.09
NIFTY100 Enhanced ESG,12-12-2018,-,-,-,2046.89,37.79,1.88,415126743,17167.69,25.79,3.56,1.07
NIFTY100 Enhanced ESG,13-12-2018,-,-,-,2058.62,11.73,.57,452551369,17723.74,25.94,3.58,1.06
NIFTY100 Enhanced ESG,14-12-2018,-,-,-,2061.45,2.83,.14,474935133,15990.81,25.98,3.58,1.06
NIFTY100 Enhanced ESG,17-12-2018,-,-,-,2072.46,11.01,.53,331303226,12285.8,26.12,3.6,1.05
NIFTY100 Enhanced ESG,18-12-2018,-,-,-,2074.97,2.51,.12,342540722,13610.14,26.15,3.61,1.05
NIFTY100 Enhanced ESG,19-12-2018,-,-,-,2087.74,12.77,.62,411087359,18929.04,26.31,3.63,1.04
NIFTY100 Enhanced ESG,20-12-2018,-,-,-,2087.11,-0.63,-.03,398996534,15692.61,26.3,3.63,1.04
NIFTY100 Enhanced ESG,21-12-2018,-,-,-,2048.8,-38.31,-1.84,486877603,19503.41,25.82,3.56,1.06
NIFTY100 Enhanced ESG,24-12-2018,-,-,-,2031.45,-17.35,-.85,312029444,11573.24,25.6,3.53,1.07
NIFTY100 Enhanced ESG,26-12-2018,-,-,-,2043.14,11.69,.58,356196146,14001.54,25.75,3.55,1.07
NIFTY100 Enhanced ESG,27-12-2018,-,-,-,2052.34,9.2,.45,556624668,19385.42,25.86,3.57,1.06
NIFTY100 Enhanced ESG,28-12-2018,-,-,-,2068.34,16.0,.78,276995840,12524.05,26.39,3.61,1.07
NIFTY100 Enhanced ESG,31-12-2018,-,-,-,2070.69,2.35,.11,236803999,11076.88,26.42,3.58,1.06
NIFTY100 Enhanced ESG,01-01-2019,-,-,-,2075.42,4.73,.23,190567218,8870.32,26.48,3.59,1.06
NIFTY100 Enhanced ESG,02-01-2019,-,-,-,2053.25,-22.18,-1.07,352867531,15164.91,26.2,3.55,1.07
NIFTY100 Enhanced ESG,03-01-2019,-,-,-,2030.41,-22.84,-1.11,327751334,15049.73,25.91,3.51,1.08
NIFTY100 Enhanced ESG,04-01-2019,-,-,-,2040.2,9.8,.48,343331538,14587.54,26.03,3.53,1.08
NIFTY100 Enhanced ESG,07-01-2019,-,-,-,2048.05,7.84,.38,310195497,12860.1,26.13,3.54,1.07
NIFTY100 Enhanced ESG,08-01-2019,-,-,-,2048.9,0.85,.04,304490045,13153.53,26.14,3.54,1.07
NIFTY100 Enhanced ESG,09-01-2019,-,-,-,2057.54,8.64,.42,380766447,15955.77,26.25,3.56,1.07
NIFTY100 Enhanced ESG,10-01-2019,-,-,-,2054.95,-2.59,-.13,300256942,12555.93,26.22,3.55,1.07
NIFTY100 Enhanced ESG,11-01-2019,-,-,-,2046.75,-8.19,-.4,275753143,13157.88,26.12,3.54,1.07
NIFTY100 Enhanced ESG,14-01-2019,-,-,-,2037.08,-9.67,-.47,329764695,13298.54,25.93,3.52,1.08
NIFTY100 Enhanced ESG,15-01-2019,-,-,-,2068.76,31.68,1.56,337005537,15341.09,26.33,3.58,1.06
NIFTY100 Enhanced ESG,16-01-2019,-,-,-,2071.35,2.59,.13,298759237,13194.24,26.36,3.58,1.06
NIFTY100 Enhanced ESG,17-01-2019,-,-,-,2077.06,5.71,.28,306093363,13341.17,26.43,3.59,1.06
NIFTY100 Enhanced ESG,18-01-2019,-,-,-,2077.69,0.63,.03,288697016,13736.04,26.42,3.59,1.06
NIFTY100 Enhanced ESG,21-01-2019,-,-,-,2088.65,10.96,.53,303347347,15783.89,26.5,3.61,1.05
NIFTY100 Enhanced ESG,22-01-2019,-,-,-,2083.87,-4.78,-.23,340933054,16884.69,26.83,3.6,1.05
NIFTY100 Enhanced ESG,23-01-2019,-,-,-,2072.08,-11.79,-.57,302634496,14073.72,26.67,3.58,1.06
NIFTY100 Enhanced ESG,24-01-2019,-,-,-,2079.89,7.81,.38,403279855,15711.47,26.74,3.6,1.06
NIFTY100 Enhanced ESG,25-01-2019,-,-,-,2069.52,-10.37,-.5,532232576,19921.71,26.61,3.58,1.06
NIFTY100 Enhanced ESG,28-01-2019,-,-,-,2046.67,-22.85,-1.1,461794370,19895.28,26.31,3.54,1.07
NIFTY100 Enhanced ESG,29-01-2019,-,-,-,2041.27,-5.4,-.26,408360861,18749.11,26.22,3.53,1.08
NIFTY100 Enhanced ESG,30-01-2019,-,-,-,2037.52,-3.75,-.18,419827102,20695.32,26.17,3.52,1.08
NIFTY100 Enhanced ESG,31-01-2019,-,-,-,2075.56,38.04,1.87,581310020,24871.6,26.63,3.59,1.06
NIFTY100 Enhanced ESG,01-02-2019,-,-,-,2091.76,16.2,.78,506884389,21868.04,26.82,3.62,1.05
NIFTY100 Enhanced ESG,04-02-2019,-,-,-,2095.09,3.33,.16,352144098,15676.28,27.46,3.62,1.05
NIFTY100 Enhanced ESG,05-02-2019,-,-,-,2098.97,3.88,.19,311901172,13838.25,27.52,3.63,1.05
NIFTY100 Enhanced ESG,06-02-2019,-,-,-,2122.13,23.16,1.1,338636448,15416.21,27.81,3.67,1.03
NIFTY100 Enhanced ESG,07-02-2019,-,-,-,2123.82,1.69,.08,376138234,14422.34,27.83,3.67,1.03
NIFTY100 Enhanced ESG,08-02-2019,-,-,-,2099.05,-24.76,-1.17,445346577,16529.6,27.51,3.63,1.05
NIFTY100 Enhanced ESG,11-02-2019,-,-,-,2087.1,-11.95,-.57,349817827,14412.81,27.35,3.61,1.05
NIFTY100 Enhanced ESG,12-02-2019,-,-,-,2077.19,-9.91,-.47,362009365,14553.84,27.25,3.59,1.06
NIFTY100 Enhanced ESG,13-02-2019,-,-,-,2068.87,-8.33,-.4,338105431,14338.45,26.97,3.58,1.06
NIFTY100 Enhanced ESG,14-02-2019,-,-,-,2065.63,-3.24,-.16,674519497,20395.93,27,3.57,1.06
NIFTY100 Enhanced ESG,15-02-2019,-,-,-,2056.0,-9.63,-.47,526311259,19476.05,26.88,3.56,1.07
NIFTY100 Enhanced ESG,18-02-2019,-,-,-,2041.77,-14.23,-.69,346497048,14436.92,26.69,3.53,1.08
NIFTY100 Enhanced ESG,19-02-2019,-,-,-,2033.69,-8.08,-.4,345809203,13844.71,26.58,3.52,1.08
NIFTY100 Enhanced ESG,20-02-2019,-,-,-,2060.32,26.63,1.31,361807794,14079.98,26.86,3.56,1.07
NIFTY100 Enhanced ESG,21-02-2019,-,-,-,2068.66,8.34,.4,339224231,14697.58,26.76,3.58,1.06
NIFTY100 Enhanced ESG,22-02-2019,-,-,-,2071.17,2.51,.12,469831202,24682.44,26.79,3.61,1.06
NIFTY100 Enhanced ESG,25-02-2019,-,-,-,2089.08,17.91,.86,455232160,16301.81,27.02,3.64,1.05
NIFTY100 Enhanced ESG,26-02-2019,-,-,-,2084.17,-4.91,-.23,483497932,19554.38,26.96,3.63,1.05
NIFTY100 Enhanced ESG,27-02-2019,-,-,-,2082.26,-1.91,-.09,447982169,18442.48,26.94,3.63,1.05
NIFTY100 Enhanced ESG,28-02-2019,-,-,-,2078.33,-3.93,-.19,673276526,25311.13,26.89,3.62,1.06
NIFTY100 Enhanced ESG,01-03-2019,-,-,-,2090.03,11.7,.56,444621054,16324.74,27.04,3.64,1.05
NIFTY100 Enhanced ESG,05-03-2019,-,-,-,2111.57,21.54,1.03,487922584,18895.25,27.4,3.68,1.04
NIFTY100 Enhanced ESG,06-03-2019,-,-,-,2122.25,10.67,.51,474556253,17980.88,27.54,3.7,1.03
NIFTY100 Enhanced ESG,07-03-2019,-,-,-,2123.04,0.79,.04,438224827,15783.28,27.55,3.7,1.03
NIFTY100 Enhanced ESG,08-03-2019,-,-,-,2116.4,-6.64,-.31,389573602,14599.33,27.48,3.69,1.04
NIFTY100 Enhanced ESG,11-03-2019,-,-,-,2144.34,27.93,1.32,442193667,18243.88,27.85,3.74,1.02
NIFTY100 Enhanced ESG,12-03-2019,-,-,-,2167.34,23.01,1.07,478413038,21272.64,28.14,3.78,1.01
NIFTY100 Enhanced ESG,13-03-2019,-,-,-,2172.62,5.28,.24,484456057,21957.14,28.21,3.79,1.01
NIFTY100 Enhanced ESG,14-03-2019,-,-,-,2172.51,-0.12,-.01,370356393,16811.95,28.21,3.79,1.01
NIFTY100 Enhanced ESG,15-03-2019,-,-,-,2183.44,10.94,.5,524101332,24782.45,28.35,3.8,1
NIFTY100 Enhanced ESG,18-03-2019,-,-,-,2193.03,9.59,.44,385622689,16451.82,28.48,3.82,1
NIFTY100 Enhanced ESG,19-03-2019,-,-,-,2206.14,13.11,.6,369839898,16012.23,28.65,3.84,.99
NIFTY100 Enhanced ESG,20-03-2019,-,-,-,2206.92,0.78,.04,523387033,18996.68,28.66,3.84,.99
NIFTY100 Enhanced ESG,22-03-2019,-,-,-,2194.37,-12.56,-.57,441890596,19761.96,28.5,3.82,1
NIFTY100 Enhanced ESG,25-03-2019,-,-,-,2171.06,-23.3,-1.06,352895352,14094.48,28.19,3.78,1.01
NIFTY100 Enhanced ESG,26-03-2019,-,-,-,2193.36,22.29,1.03,371719769,15730.56,28.48,3.82,1
NIFTY100 Enhanced ESG,27-03-2019,-,-,-,2189.27,-4.09,-.19,482455126,20164.75,28.43,3.81,1
NIFTY100 Enhanced ESG,28-03-2019,-,-,-,2211.08,21.81,1,693103832,27533.85,28.71,3.85,.99
NIFTY100 Enhanced ESG,29-03-2019,-,-,-,2224.69,13.61,.62,691275457,21710.85,28.87,3.87,.99
NIFTY100 Enhanced ESG,01-04-2019,-,-,-,2233.26,8.57,.39,491774128,19765.58,28.98,3.89,.98
NIFTY100 Enhanced ESG,02-04-2019,-,-,-,2239.67,6.41,.29,545074721,20023.6,29.06,3.9,.98
NIFTY100 Enhanced ESG,03-04-2019,-,-,-,2226.97,-12.7,-.57,554699544,20713.75,28.9,3.88,.98
NIFTY100 Enhanced ESG,04-04-2019,-,-,-,2218.2,-8.77,-.39,548786720,20843.67,28.78,3.86,.99
NIFTY100 Enhanced ESG,05-04-2019,-,-,-,2231.93,13.73,.62,503032493,16274.73,28.96,3.89,.98
NIFTY100 Enhanced ESG,08-04-2019,-,-,-,2221.07,-10.86,-.49,516658908,16991.98,28.82,3.87,.99
NIFTY100 Enhanced ESG,09-04-2019,-,-,-,2231.82,10.75,.48,443251975,16919.83,28.96,3.89,.98
NIFTY100 Enhanced ESG,10-04-2019,-,-,-,2217.01,-14.81,-.66,499441993,23752.29,28.77,3.86,.99
NIFTY100 Enhanced ESG,11-04-2019,-,-,-,2219.89,2.88,.13,413712880,15824.4,28.8,3.87,.99
NIFTY100 Enhanced ESG,12-04-2019,-,-,-,2222.67,2.78,.13,343618352,14054.86,28.84,3.87,.99
NIFTY100 Enhanced ESG,15-04-2019,-,-,-,2234.37,11.71,.53,435171690,16345.58,28.99,3.89,.98
NIFTY100 Enhanced ESG,16-04-2019,-,-,-,2247.61,13.24,.59,527947225,19036.76,29.16,3.91,.98
NIFTY100 Enhanced ESG,18-04-2019,-,-,-,2243.85,-3.76,-.17,480443330,20055.17,29.11,3.91,.98
NIFTY100 Enhanced ESG,22-04-2019,-,-,-,2211.11,-32.74,-1.46,377145634,15008.16,28.69,3.85,.99
NIFTY100 Enhanced ESG,23-04-2019,-,-,-,2206.28,-4.83,-.22,358135092,15350.19,28.69,3.85,.99
NIFTY100 Enhanced ESG,24-04-2019,-,-,-,2233.44,27.16,1.23,424592548,17886.89,29,3.9,.98
NIFTY100 Enhanced ESG,25-04-2019,-,-,-,2217.73,-15.71,-.7,632264073,26503.98,28.8,3.87,.99
NIFTY100 Enhanced ESG,26-04-2019,-,-,-,2238.27,20.53,.93,436516075,18776.14,29.07,3.91,.98
NIFTY100 Enhanced ESG,30-04-2019,-,-,-,2230.07,-8.19,-.37,652092413,24043.68,28.96,3.89,.98
NIFTY100 Enhanced ESG,02-05-2019,-,-,-,2225.98,-4.1,-.18,540182848,19384.32,28.91,3.88,.98
NIFTY100 Enhanced ESG,03-05-2019,-,-,-,2220.26,-5.72,-.26,396921077,16368.56,28.83,3.87,.99
NIFTY100 Enhanced ESG,06-05-2019,-,-,-,2192.06,-28.2,-1.27,377215970,15303.2,28.47,3.83,1
NIFTY100 Enhanced ESG,07-05-2019,-,-,-,2177.65,-14.41,-.66,402665755,16870.44,28.29,3.8,1
NIFTY100 Enhanced ESG,08-05-2019,-,-,-,2149.89,-27.76,-1.27,628713872,18115.35,27.91,3.75,1.02
NIFTY100 Enhanced ESG,09-05-2019,-,-,-,2139.79,-10.1,-.47,564807530,18239.12,27.78,3.73,1.02
NIFTY100 Enhanced ESG,10-05-2019,-,-,-,2133.46,-6.32,-.3,661564047,18940.57,27.55,3.72,1.03
NIFTY100 Enhanced ESG,13-05-2019,-,-,-,2112.75,-20.71,-.97,539276078,15706.6,27.27,3.69,1.04
NIFTY100 Enhanced ESG,14-05-2019,-,-,-,2120.79,8.04,.38,659313718,19394.49,27.48,3.7,1.03
NIFTY100 Enhanced ESG,15-05-2019,-,-,-,2106.79,-14.0,-.66,601445582,18668.72,27.3,3.68,1.04
NIFTY100 Enhanced ESG,16-05-2019,-,-,-,2123.1,16.31,.77,561524398,16876.84,27.51,3.71,1.03
NIFTY100 Enhanced ESG,17-05-2019,-,-,-,2148.65,25.55,1.2,643780090,22437.15,27.85,3.75,1.02
NIFTY100 Enhanced ESG,20-05-2019,-,-,-,2226.85,78.21,3.64,667792781,25943.26,28.83,3.89,.98
NIFTY100 Enhanced ESG,21-05-2019,-,-,-,2204.14,-22.71,-1.02,534581886,21445.49,28.47,3.85,.99
NIFTY100 Enhanced ESG,22-05-2019,-,-,-,2208.6,4.46,.2,549664661,20376.69,28.51,3.85,.99
NIFTY100 Enhanced ESG,23-05-2019,-,-,-,2198.53,-10.07,-.46,760268542,30576.94,28.38,3.84,.99
NIFTY100 Enhanced ESG,24-05-2019,-,-,-,2232.94,34.4,1.56,606483019,21664.93,28.77,3.9,.98
NIFTY100 Enhanced ESG,27-05-2019,-,-,-,2252.86,19.92,.89,544955836,18909.8,29.05,3.93,1.1
NIFTY100 Enhanced ESG,28-05-2019,-,-,-,2255.3,2.44,.11,817790791,29555.81,29.08,3.94,1.1
NIFTY100 Enhanced ESG,29-05-2019,-,-,-,2244.71,-10.59,-.47,422155506,15967.5,28.91,3.92,1.1
NIFTY100 Enhanced ESG,30-05-2019,-,-,-,2259.6,14.88,.66,753080751,21349.99,29.11,3.94,1.1
NIFTY100 Enhanced ESG,31-05-2019,-,-,-,2262.21,2.62,.12,657502914,23786.29,29.08,3.95,1.1
NIFTY100 Enhanced ESG,03-06-2019,-,-,-,2296.09,33.88,1.5,441268402,18348.05,29.51,4.01,1.08
NIFTY100 Enhanced ESG,04-06-2019,-,-,-,2282.68,-13.41,-.58,418071782,16273.96,29.34,3.99,1.09
NIFTY100 Enhanced ESG,06-06-2019,-,-,-,2246.56,-36.12,-1.58,522119338,21617.23,28.88,3.92,1.1
NIFTY100 Enhanced ESG,07-06-2019,-,-,-,2250.1,3.53,.16,388311290,15772.97,28.92,3.93,1.1
NIFTY100 Enhanced ESG,10-06-2019,-,-,-,2260.27,10.17,.45,390024167,13627.47,29.05,3.95,1.1
NIFTY100 Enhanced ESG,11-06-2019,-,-,-,2268.4,8.13,.36,402789827,15750.55,29.16,3.96,1.09
NIFTY100 Enhanced ESG,12-06-2019,-,-,-,2255.86,-12.54,-.55,355509205,14652.29,29,3.94,1.1
NIFTY100 Enhanced ESG,13-06-2019,-,-,-,2254.69,-1.17,-.05,567348819,19927.96,28.98,3.94,1.1
NIFTY100 Enhanced ESG,14-06-2019,-,-,-,2233.24,-21.45,-.95,471758989,16879.52,28.71,3.9,1.11
NIFTY100 Enhanced ESG,17-06-2019,-,-,-,2201.8,-31.44,-1.41,425740839,17574.83,28.3,3.84,1.13
NIFTY100 Enhanced ESG,18-06-2019,-,-,-,2203.56,1.76,.08,462456591,17181.02,28.32,3.84,1.13
NIFTY100 Enhanced ESG,19-06-2019,-,-,-,2200.32,-3.25,-.15,574294589,19710.64,28.28,3.84,1.13
NIFTY100 Enhanced ESG,20-06-2019,-,-,-,2226.67,26.35,1.2,539654588,19063.89,28.61,3.88,1.12
NIFTY100 Enhanced ESG,21-06-2019,-,-,-,2207.99,-18.68,-.84,604305982,24515.18,28.37,3.85,1.12
NIFTY100 Enhanced ESG,24-06-2019,-,-,-,2202.7,-5.29,-.24,372100661,13519.55,28.3,3.84,1.13
NIFTY100 Enhanced ESG,25-06-2019,-,-,-,2221.18,18.48,.84,380746429,14895.65,28.54,3.87,1.12
NIFTY100 Enhanced ESG,26-06-2019,-,-,-,2229.51,8.33,.38,431638323,15839.87,28.25,3.89,1.11
NIFTY100 Enhanced ESG,27-06-2019,-,-,-,2230.34,0.82,.04,646060387,23188.44,28.26,3.89,1.11
NIFTY100 Enhanced ESG,28-06-2019,-,-,-,2220.03,-10.31,-.46,358825892,15936.31,30.1,4.03,1.07
NIFTY100 Enhanced ESG,01-07-2019,-,-,-,2236.09,16.06,.72,307827384,13224.27,30.32,4.06,1.06
NIFTY100 Enhanced ESG,02-07-2019,-,-,-,2244.8,8.71,.39,401818522,13897.68,30.44,4.07,1.05
NIFTY100 Enhanced ESG,03-07-2019,-,-,-,2246.59,1.79,.08,386009403,14773.63,30.46,4.08,1.05
NIFTY100 Enhanced ESG,04-07-2019,-,-,-,2251.93,5.34,.24,495075564,16292.34,30.53,4.09,1.05
NIFTY100 Enhanced ESG,05-07-2019,-,-,-,2224.07,-27.86,-1.24,600571701,20157.26,30.16,4.04,1.06
NIFTY100 Enhanced ESG,08-07-2019,-,-,-,2180.36,-43.71,-1.97,517165257,18988.97,29.56,3.96,1.09
NIFTY100 Enhanced ESG,09-07-2019,-,-,-,2180.57,0.21,.01,469418161,21748.59,29.57,3.96,1.09
NIFTY100 Enhanced ESG,10-07-2019,-,-,-,2165.85,-14.71,-.67,394788955,17934.38,29.28,3.93,1.09
NIFTY100 Enhanced ESG,11-07-2019,-,-,-,2181.09,15.24,.7,381354600,16637.66,29.48,3.96,1.09
NIFTY100 Enhanced ESG,12-07-2019,-,-,-,2175.06,-6.03,-.28,381688556,17578.51,29.4,3.9,1.09
NIFTY100 Enhanced ESG,15-07-2019,-,-,-,2185.62,10.56,.49,399829007,16758.73,29.45,3.92,1.08
NIFTY100 Enhanced ESG,16-07-2019,-,-,-,2200.83,15.2,.7,533732502,17354.1,29.65,3.94,1.08
NIFTY100 Enhanced ESG,17-07-2019,-,-,-,2205.59,4.76,.22,538391396,16992.82,29.72,3.95,1.07
NIFTY100 Enhanced ESG,18-07-2019,-,-,-,2188.67,-16.92,-.77,557570713,17796.37,29.48,3.92,1.08
NIFTY100 Enhanced ESG,19-07-2019,-,-,-,2153.76,-34.91,-1.6,545447464,19669.98,29.01,3.86,1.1
NIFTY100 Enhanced ESG,22-07-2019,-,-,-,2140.42,-13.34,-.62,555623213,20040.75,28.86,3.84,1.11
NIFTY100 Enhanced ESG,23-07-2019,-,-,-,2134.72,-5.7,-.27,552084175,20247.79,28.78,3.83,1.11
NIFTY100 Enhanced ESG,24-07-2019,-,-,-,2121.59,-13.13,-.61,568503065,20718.4,28.6,3.81,1.12
NIFTY100 Enhanced ESG,25-07-2019,-,-,-,2120.37,-1.22,-.06,595114649,25203.14,28.5,3.81,1.12
NIFTY100 Enhanced ESG,26-07-2019,-,-,-,2127.16,6.79,.32,611017333,20035.41,28.68,3.82,1.11
NIFTY100 Enhanced ESG,29-07-2019,-,-,-,2105.86,-21.3,-1,1111609978,17744.14,28.66,3.78,1.12
NIFTY100 Enhanced ESG,30-07-2019,-,-,-,2085.32,-20.54,-.98,850919630,20885.73,28.38,3.74,1.14
NIFTY100 Enhanced ESG,31-07-2019,-,-,-,2088.51,3.19,.15,704953933,24012.74,28.31,3.71,1.15
NIFTY100 Enhanced ESG,01-08-2019,-,-,-,2062.52,-25.99,-1.24,668015425,22091.81,27.92,3.66,1.16
NIFTY100 Enhanced ESG,02-08-2019,-,-,-,2073.43,10.9,.53,820979175,25081.89,28.06,3.68,1.16
NIFTY100 Enhanced ESG,05-08-2019,-,-,-,2051.82,-21.61,-1.04,636627151,21053.03,27.78,3.64,1.17
NIFTY100 Enhanced ESG,06-08-2019,-,-,-,2068.84,17.02,.83,674539191,22119.82,28.01,3.67,1.16
NIFTY100 Enhanced ESG,07-08-2019,-,-,-,2052.17,-16.67,-.81,707044231,21713.29,27.78,3.64,1.17
NIFTY100 Enhanced ESG,08-08-2019,-,-,-,2084.35,32.19,1.57,690653772,22740.57,28.27,3.7,1.15
NIFTY100 Enhanced ESG,09-08-2019,-,-,-,2098.43,14.08,.68,740721430,22525.45,28.55,3.73,1.14
NIFTY100 Enhanced ESG,13-08-2019,-,-,-,2065.81,-32.62,-1.55,770749178,24919.61,28.16,3.67,1.16
NIFTY100 Enhanced ESG,14-08-2019,-,-,-,2087.29,21.48,1.04,685534941,21600.93,28.46,3.71,1.15
NIFTY100 Enhanced ESG,16-08-2019,-,-,-,2088.18,0.9,.04,735280388,19900.14,28.48,3.71,1.15
NIFTY100 Enhanced ESG,19-08-2019,-,-,-,2090.4,2.22,.11,522721783,15015.17,28.52,3.71,1.15
NIFTY100 Enhanced ESG,20-08-2019,-,-,-,2084.89,-5.52,-.26,639697335,17201.9,28.44,3.7,1.15
NIFTY100 Enhanced ESG,21-08-2019,-,-,-,2066.83,-18.06,-.87,678653950,16648.16,28.19,3.67,1.16
NIFTY100 Enhanced ESG,22-08-2019,-,-,-,2037.15,-29.67,-1.44,910320535,19960.61,27.79,3.62,1.18
NIFTY100 Enhanced ESG,23-08-2019,-,-,-,2055.22,18.07,.89,882541128,21801.71,28.03,3.65,1.17
NIFTY100 Enhanced ESG,26-08-2019,-,-,-,2095.47,40.25,1.96,938137612,23119.68,28.58,3.72,1.14
NIFTY100 Enhanced ESG,27-08-2019,-,-,-,2101.49,6.01,.29,968154305,32983.21,28.67,3.73,1.14
NIFTY100 Enhanced ESG,28-08-2019,-,-,-,2092.38,-9.11,-.43,761815779,17830.91,28.55,3.72,1.15
NIFTY100 Enhanced ESG,29-08-2019,-,-,-,2073.7,-18.69,-.89,747294012,18893.12,28.29,3.68,1.16
NIFTY100 Enhanced ESG,30-08-2019,-,-,-,2089.53,15.84,.76,757239294,21901.04,28.51,3.62,1.18
NIFTY100 Enhanced ESG,03-09-2019,-,-,-,2047.65,-41.88,-2,581440212,17323.49,27.87,3.56,1.2
NIFTY100 Enhanced ESG,04-09-2019,-,-,-,2053.64,5.98,.29,583241331,18403,27.92,3.57,1.19
NIFTY100 Enhanced ESG,05-09-2019,-,-,-,2054.49,0.85,.04,634768656,17810.55,27.98,3.57,1.19
NIFTY100 Enhanced ESG,06-09-2019,-,-,-,2073.81,19.32,.94,608673411,18002.33,28.25,3.61,1.18
NIFTY100 Enhanced ESG,09-09-2019,-,-,-,2083.45,9.64,.46,488060898,14029.2,28.38,3.62,1.18
NIFTY100 Enhanced ESG,11-09-2019,-,-,-,2093.78,10.33,.5,882113031,21471.61,28.52,3.64,1.17
NIFTY100 Enhanced ESG,12-09-2019,-,-,-,2080.88,-12.89,-.62,695034101,17502.21,28.34,3.62,1.18
NIFTY100 Enhanced ESG,13-09-2019,-,-,-,2097.05,16.17,.78,764427911,18381.12,28.55,3.65,1.17
NIFTY100 Enhanced ESG,16-09-2019,-,-,-,2084.1,-12.95,-.62,510155466,16307.73,28.37,3.63,1.18
NIFTY100 Enhanced ESG,17-09-2019,-,-,-,2048.83,-35.28,-1.69,630271775,18045.85,27.89,3.56,1.2
NIFTY100 Enhanced ESG,18-09-2019,-,-,-,2055.33,6.51,.32,626236275,16342.3,27.98,3.58,1.19
NIFTY100 Enhanced ESG,19-09-2019,-,-,-,2031.73,-23.61,-1.15,969439158,16348.79,27.66,3.53,1.21
NIFTY100 Enhanced ESG,20-09-2019,-,-,-,2141.47,109.74,5.4,1572960812,51786.92,29.15,3.73,1.15
NIFTY100 Enhanced ESG,23-09-2019,-,-,-,2190.57,49.1,2.29,999286495,39126.41,29.82,3.81,1.12
NIFTY100 Enhanced ESG,24-09-2019,-,-,-,2189.63,-0.94,-.04,782279007,26771.63,29.81,3.81,1.12
NIFTY100 Enhanced ESG,25-09-2019,-,-,-,2164.7,-24.93,-1.14,766338214,25571.18,27.16,3.77,1.13
NIFTY100 Enhanced ESG,26-09-2019,-,-,-,2183.19,18.48,.85,921742155,30444.44,27.39,3.8,1.12
NIFTY100 Enhanced ESG,27-09-2019,-,-,-,2174.09,-9.09,-.42,822747335,20547.08,27.07,3.75,1.13
NIFTY100 Enhanced ESG,30-09-2019,-,-,-,2165.08,-9.02,-.41,1266440494,26880.18,26.95,3.74,1.14
NIFTY100 Enhanced ESG,01-10-2019,-,-,-,2144.92,-20.16,-.93,1685976907,32231.96,26.7,3.7,1.15
NIFTY100 Enhanced ESG,03-10-2019,-,-,-,2131.15,-13.77,-.64,1226309317,23821.32,26.53,3.68,1.15
NIFTY100 Enhanced ESG,04-10-2019,-,-,-,2107.83,-23.32,-1.09,1074560529,23719.35,26.24,3.64,1.17
NIFTY100 Enhanced ESG,07-10-2019,-,-,-,2097.4,-10.44,-.5,900797875,20682.47,26.11,3.62,1.17
NIFTY100 Enhanced ESG,09-10-2019,-,-,-,2131.59,34.2,1.63,1020372918,22513.33,26.62,3.7,1.15
NIFTY100 Enhanced ESG,10-10-2019,-,-,-,2121.01,-10.58,-.5,1098009590,21835.84,26.49,3.68,1.16
NIFTY100 Enhanced ESG,11-10-2019,-,-,-,2131.81,10.8,.51,967626631,24855.64,26.63,3.7,1.15
NIFTY100 Enhanced ESG,14-10-2019,-,-,-,2140.07,8.26,.39,791382453,18983.73,26.73,3.72,1.15
NIFTY100 Enhanced ESG,15-10-2019,-,-,-,2153.41,13.34,.62,697172985,18400.4,26.9,3.74,1.14
NIFTY100 Enhanced ESG,16-10-2019,-,-,-,2163.16,9.75,.45,939299820,23910.93,27.02,3.76,1.14
NIFTY100 Enhanced ESG,17-10-2019,-,-,-,2188.16,25.0,1.16,1101822846,24094.34,27.33,3.8,1.12
NIFTY100 Enhanced ESG,18-10-2019,-,-,-,2203.79,15.63,.71,1098040968,24702.33,27.52,3.83,1.12
NIFTY100 Enhanced ESG,22-10-2019,-,-,-,2184.05,-19.74,-.9,1116328427,32848.1,27.22,3.79,1.13
NIFTY100 Enhanced ESG,23-10-2019,-,-,-,2184.42,0.37,.02,906844927,25200.7,27.22,3.79,1.13
NIFTY100 Enhanced ESG,24-10-2019,-,-,-,2183.68,-0.74,-.03,1514783240,26266.35,27.21,3.79,1.13
NIFTY100 Enhanced ESG,25-10-2019,-,-,-,2175.7,-7.97,-.37,1275140660,25835.47,27.11,3.78,1.13
NIFTY100 Enhanced ESG,29-10-2019,-,-,-,2218.2,32.13,1.47,1409793459,28989.98,27.64,3.85,1.11
NIFTY100 Enhanced ESG,30-10-2019,-,-,-,2230.79,12.59,.57,1085292582,26824.61,27.8,3.87,1.1
NIFTY100 Enhanced ESG,31-10-2019,-,-,-,2238.91,8.12,.36,1891086385,33446.84,27.9,3.89,1.1
NIFTY100 Enhanced ESG,01-11-2019,-,-,-,2239.13,0.22,.01,1734177147,27659.78,28.01,3.89,1.1
NIFTY100 Enhanced ESG,04-11-2019,-,-,-,2247.02,7.89,.35,1062851571,25489.21,28.11,3.9,1.1
NIFTY100 Enhanced ESG,05-11-2019,-,-,-,2240.03,-6.99,-.31,833725533,23448.23,28.03,3.89,1.1
NIFTY100 Enhanced ESG,06-11-2019,-,-,-,2248.02,7.99,.36,852036418,24977.71,28.13,3.9,1.09
NIFTY100 Enhanced ESG,07-11-2019,-,-,-,2257.84,9.82,.44,866495111,24587.57,28.23,3.92,1.09
NIFTY100 Enhanced ESG,08-11-2019,-,-,-,2237.33,-20.51,-.91,1121372966,25299.91,27.98,3.89,1.1
NIFTY100 Enhanced ESG,11-11-2019,-,-,-,2237.47,0.13,.01,778588625,18407.44,27.98,3.89,1.1
NIFTY100 Enhanced ESG,13-11-2019,-,-,-,2227.17,-10.3,-.46,998860308,23434.2,28.36,3.87,1.1
NIFTY100 Enhanced ESG,14-11-2019,-,-,-,2227.59,0.42,.02,1193281641,20675.87,28.36,3.87,1.1
NIFTY100 Enhanced ESG,15-11-2019,-,-,-,2233.94,6.35,.29,1453851030,23187.11,28.25,3.88,1.1
NIFTY100 Enhanced ESG,18-11-2019,-,-,-,2231.95,-1.99,-.09,1131182788,19777.75,28.23,3.88,1.1
NIFTY100 Enhanced ESG,19-11-2019,-,-,-,2244.91,12.96,.58,1741159391,28305.87,28.27,3.9,1.1
NIFTY100 Enhanced ESG,20-11-2019,-,-,-,2256.17,11.26,.5,2496358904,26036.62,28.25,3.92,1.09
NIFTY100 Enhanced ESG,21-11-2019,-,-,-,2249.75,-6.42,-.28,1501700606,23913.28,29.77,3.91,1.09
NIFTY100 Enhanced ESG,22-11-2019,-,-,-,2235.38,-14.37,-.64,1005953248,21552.16,29.58,3.88,1.1
NIFTY100 Enhanced ESG,25-11-2019,-,-,-,2270.06,34.68,1.55,1153817037,22536.49,30.04,3.94,1.08
NIFTY100 Enhanced ESG,26-11-2019,-,-,-,2257.88,-12.18,-.54,2443255992,46602.91,29.88,3.92,1.09
NIFTY100 Enhanced ESG,27-11-2019,-,-,-,2272.7,14.83,.66,1037305643,21604.87,30.07,3.95,1.08
NIFTY100 Enhanced ESG,28-11-2019,-,-,-,2280.33,7.63,.34,1370674067,26923.13,30.17,3.96,1.08
NIFTY100 Enhanced ESG,29-11-2019,-,-,-,2261.48,-18.85,-.83,1430873993,28474.18,29.92,3.93,1.09
NIFTY100 Enhanced ESG,02-12-2019,-,-,-,2265.47,3.99,.18,2320797025,27948.11,29.98,3.93,1.09
NIFTY100 Enhanced ESG,03-12-2019,-,-,-,2253.62,-11.85,-.52,1434257870,21616.33,29.82,3.91,1.09
NIFTY100 Enhanced ESG,04-12-2019,-,-,-,2258.27,4.65,.21,1509643475,23808.99,29.88,3.92,1.09
NIFTY100 Enhanced ESG,05-12-2019,-,-,-,2251.31,-6.96,-.31,922581869,20148.53,29.79,3.91,1.09
NIFTY100 Enhanced ESG,06-12-2019,-,-,-,2234.38,-16.93,-.75,1177355287,19817.71,29.57,3.88,1.1
NIFTY100 Enhanced ESG,09-12-2019,-,-,-,2238.06,3.67,.16,982338535,17818.92,29.61,3.89,1.1
NIFTY100 Enhanced ESG,10-12-2019,-,-,-,2220.6,-17.46,-.78,1073940639,18261.26,29.38,3.86,1.11
NIFTY100 Enhanced ESG,11-12-2019,-,-,-,2228.1,7.5,.34,1278759929,20707.57,29.48,3.87,1.11
NIFTY100 Enhanced ESG,12-12-2019,-,-,-,2239.68,11.58,.52,938474321,20342.21,29.64,3.89,1.1
NIFTY100 Enhanced ESG,13-12-2019,-,-,-,2262.26,22.58,1.01,972744392,23196.65,29.94,3.93,1.09
NIFTY100 Enhanced ESG,16-12-2019,-,-,-,2257.42,-4.84,-.21,649071004,17892.78,31.13,3.92,1.09
NIFTY100 Enhanced ESG,17-12-2019,-,-,-,2278.04,20.62,.91,825322731,22014.81,31.41,3.96,1.08
NIFTY100 Enhanced ESG,18-12-2019,-,-,-,2288.71,10.67,.47,879035862,23558.68,31.56,3.98,1.08
NIFTY100 Enhanced ESG,19-12-2019,-,-,-,2299.29,10.58,.46,878892480,20759.28,31.71,3.99,1.07
NIFTY100 Enhanced ESG,20-12-2019,-,-,-,2301.14,1.85,.08,992371700,26799.37,31.73,4,1.07
NIFTY100 Enhanced ESG,23-12-2019,-,-,-,2302.11,0.97,.04,756355471,18666.31,31.74,4,1.07
NIFTY100 Enhanced ESG,24-12-2019,-,-,-,2292.59,-9.52,-.41,628798041,15073.94,31.61,3.98,1.07
NIFTY100 Enhanced ESG,26-12-2019,-,-,-,2276.0,-16.59,-.72,717941069,17602.96,31.38,3.95,1.08
NIFTY100 Enhanced ESG,27-12-2019,-,-,-,2297.15,21.15,.93,577060332,16093.81,31.57,4.1,1.12
NIFTY100 Enhanced ESG,30-12-2019,-,-,-,2299.72,2.57,.11,613400744,15918.9,31.62,4.11,1.12
NIFTY100 Enhanced ESG,31-12-2019,-,-,-,2281.22,-18.5,-.8,649142125,17040.69,31.36,4.08,1.13
NIFTY100 Enhanced ESG,01-01-2020,-,-,-,2283.44,2.21,.1,365945919,11030.72,31.4,4.08,1.13
NIFTY100 Enhanced ESG,02-01-2020,-,-,-,2302.83,19.39,.85,528700258,17132.72,31.66,4.11,1.12
NIFTY100 Enhanced ESG,03-01-2020,-,-,-,2294.11,-8.72,-.38,521772595,18865.6,31.54,4.1,1.12
NIFTY100 Enhanced ESG,06-01-2020,-,-,-,2253.29,-40.82,-1.78,517028005,19154.07,30.98,4.03,1.15
NIFTY100 Enhanced ESG,07-01-2020,-,-,-,2265.82,12.53,.56,599444546,20522.04,31.15,4.05,1.14
NIFTY100 Enhanced ESG,08-01-2020,-,-,-,2262.1,-3.72,-.16,834915545,20481.05,31.1,4.04,1.14
NIFTY100 Enhanced ESG,09-01-2020,-,-,-,2297.11,35.02,1.55,937224179,21460.53,31.58,4.1,1.12
NIFTY100 Enhanced ESG,10-01-2020,-,-,-,2305.02,7.91,.34,807584001,21354.57,31.69,4.12,1.12
NIFTY100 Enhanced ESG,13-01-2020,-,-,-,2321.15,16.13,.7,681576075,20008.94,31.91,4.15,1.11
NIFTY100 Enhanced ESG,14-01-2020,-,-,-,2327.66,6.51,.28,716992816,20678.9,31.88,4.16,1.11
NIFTY100 Enhanced ESG,15-01-2020,-,-,-,2326.93,-0.74,-.03,877250058,21032.59,31.87,4.16,1.11
NIFTY100 Enhanced ESG,16-01-2020,-,-,-,2329.56,2.63,.11,631372995,18511.26,31.89,4.02,1.13
NIFTY100 Enhanced ESG,17-01-2020,-,-,-,2332.39,2.83,.12,1603105195,24007.02,31.93,4.02,1.12
NIFTY100 Enhanced ESG,20-01-2020,-,-,-,2308.41,-23.98,-1.03,946598838,24097.72,31.25,3.98,1.14
NIFTY100 Enhanced ESG,21-01-2020,-,-,-,2298.07,-10.34,-.45,1165309739,21909.46,31.06,3.78,1.14
NIFTY100 Enhanced ESG,22-01-2020,-,-,-,2291.19,-6.88,-.3,950888433,23218.05,31.02,3.75,1.14
NIFTY100 Enhanced ESG,23-01-2020,-,-,-,2307.35,16.16,.71,1573693904,28865.27,31.2,3.78,1.14
NIFTY100 Enhanced ESG,24-01-2020,-,-,-,2322.38,15.03,.65,839571585,21519.02,31.5,3.8,1.13
NIFTY100 Enhanced ESG,27-01-2020,-,-,-,2300.81,-21.57,-.93,626885502,20588.03,31.04,3.78,1.14
NIFTY100 Enhanced ESG,28-01-2020,-,-,-,2289.62,-11.19,-.49,754453640,22566.91,29.81,3.75,1.14
NIFTY100 Enhanced ESG,29-01-2020,-,-,-,2303.2,13.58,.59,724887113,22305.17,29.99,3.77,1.14
NIFTY100 Enhanced ESG,30-01-2020,-,-,-,2279.15,-24.04,-1.04,826284852,23236.59,29.65,3.73,1.15
NIFTY100 Enhanced ESG,31-01-2020,-,-,-,2262.88,-16.27,-.71,887173885,27978.1,29.44,3.71,1.16
NIFTY100 Enhanced ESG,03-02-2020,-,-,-,2227.94,14.37,.65,810921950,28208.09,29.13,3.65,1.18
NIFTY100 Enhanced ESG,04-02-2020,-,-,-,2274.87,46.94,2.11,713464035,26861.23,29.7,3.73,1.15
NIFTY100 Enhanced ESG,05-02-2020,-,-,-,2300.29,25.41,1.12,946855987,26780.35,30.28,3.77,1.14
NIFTY100 Enhanced ESG,06-02-2020,-,-,-,2309.68,9.39,.41,830175411,28773.65,30.45,3.78,1.14
NIFTY100 Enhanced ESG,07-02-2020,-,-,-,2305.7,-3.98,-.17,686195089,21096.25,30.4,3.78,1.14
NIFTY100 Enhanced ESG,10-02-2020,-,-,-,2293.26,-12.44,-.54,677378799,20431.29,30.39,3.76,1.14
NIFTY100 Enhanced ESG,11-02-2020,-,-,-,2302.44,9.18,.4,671351159,20288.65,30.77,3.77,1.14
NIFTY100 Enhanced ESG,12-02-2020,-,-,-,2320.62,18.18,.79,818221798,22151.12,31.2,3.8,1.13
NIFTY100 Enhanced ESG,13-02-2020,-,-,-,2317.61,-3.01,-.13,664865136,19384.22,31.18,3.79,1.13
NIFTY100 Enhanced ESG,14-02-2020,-,-,-,2306.85,-10.76,-.46,2065600574,24796.7,31.04,3.78,1.14
NIFTY100 Enhanced ESG,17-02-2020,-,-,-,2296.86,-9.98,-.43,1266651517,17572.04,30.92,3.76,1.14
NIFTY100 Enhanced ESG,18-02-2020,-,-,-,2286.24,-10.63,-.46,1332250665,20975.37,30.77,3.74,1.15
NIFTY100 Enhanced ESG,19-02-2020,-,-,-,2313.64,27.4,1.2,1598112337,22080.32,31.14,3.79,1.13
NIFTY100 Enhanced ESG,20-02-2020,-,-,-,2303.75,-9.89,-.43,1586166518,24899.66,31.01,3.77,1.14
NIFTY100 Enhanced ESG,24-02-2020,-,-,-,2257.83,-45.92,-1.99,1250177081,23083.03,30.4,3.7,1.16
NIFTY100 Enhanced ESG,25-02-2020,-,-,-,2252.09,-5.73,-.25,1147005429,22596.65,30.32,3.69,1.17
NIFTY100 Enhanced ESG,26-02-2020,-,-,-,2230.42,-21.68,-.96,955345037,25020.83,30.03,3.65,1.18
NIFTY100 Enhanced ESG,27-02-2020,-,-,-,2222.65,-7.76,-.35,1056793659,24605.73,29.93,3.64,1.18
NIFTY100 Enhanced ESG,28-02-2020,-,-,-,2133.84,-88.82,-4,1264473965,37760.89,28.73,3.49,1.23
NIFTY100 Enhanced ESG,02-03-2020,-,-,-,2124.32,-9.52,-.45,1040291488,29359.72,28.6,3.48,1.24
NIFTY100 Enhanced ESG,03-03-2020,-,-,-,2157.22,32.9,1.55,1073650050,27163.74,29.04,3.53,1.22
NIFTY100 Enhanced ESG,04-03-2020,-,-,-,2152.75,-4.47,-.21,1045844299,30252,28.98,3.52,1.22
NIFTY100 Enhanced ESG,05-03-2020,-,-,-,2157.82,5.07,.24,1769622541,30925.48,29.05,3.53,1.22
NIFTY100 Enhanced ESG,06-03-2020,-,-,-,2107.93,-49.89,-2.31,2224469321,30107.63,28.38,3.45,1.24
NIFTY100 Enhanced ESG,09-03-2020,-,-,-,2006.7,-101.23,-4.8,2248274649,38301.61,27.02,3.29,1.31
NIFTY100 Enhanced ESG,11-03-2020,-,-,-,2006.01,-0.69,-.03,1931439135,35428.4,27.01,3.28,1.31
NIFTY100 Enhanced ESG,12-03-2020,-,-,-,1845.0,-161.02,-8.03,2122548714,43006.12,24.84,3.02,1.42
NIFTY100 Enhanced ESG,13-03-2020,-,-,-,1903.86,58.87,3.19,2785554907,47151.86,25.63,3.12,1.38
NIFTY100 Enhanced ESG,16-03-2020,-,-,-,1765.68,-138.19,-7.26,2246713663,32323.58,23.77,2.89,1.49
NIFTY100 Enhanced ESG,17-03-2020,-,-,-,1726.14,-39.53,-2.24,1648320295,30669.85,23.24,2.83,1.52
NIFTY100 Enhanced ESG,18-03-2020,-,-,-,1630.05,-96.09,-5.57,3622570440,42347.06,21.95,2.67,1.61
NIFTY100 Enhanced ESG,19-03-2020,-,-,-,1585.12,-44.94,-2.76,1597672955,36352.06,21.27,2.6,1.6
NIFTY100 Enhanced ESG,20-03-2020,-,-,-,1675.64,90.53,5.71,1566169885,40317.63,22.49,2.75,1.51
NIFTY100 Enhanced ESG,23-03-2020,-,-,-,1464.37,-211.27,-12.61,994404405,24859.05,19.65,2.4,1.73
NIFTY100 Enhanced ESG,24-03-2020,-,-,-,1500.86,36.49,2.49,1078805748,29988.11,20.14,2.46,1.69
NIFTY100 Enhanced ESG,25-03-2020,-,-,-,1599.49,98.63,6.57,906393463,29841.81,21.47,2.62,1.59
NIFTY100 Enhanced ESG,26-03-2020,-,-,-,1664.92,65.43,4.09,1117935414,35263.54,22.35,2.73,1.52
NIFTY100 Enhanced ESG,27-03-2020,-,-,-,1668.33,3.41,.2,1039558021,34923.47,22.39,2.73,1.52
NIFTY100 Enhanced ESG,30-03-2020,-,-,-,1608.38,-59.95,-3.59,707443585,26078.42,21.59,2.64,1.58
NIFTY100 Enhanced ESG,31-03-2020,-,-,-,1671.16,62.78,3.9,842973930,28440.49,22.43,2.74,1.52
NIFTY100 Enhanced ESG,01-04-2020,-,-,-,1605.72,-65.43,-3.92,743324747,23170.94,21.55,2.63,1.58
NIFTY100 Enhanced ESG,03-04-2020,-,-,-,1566.71,-39.02,-2.43,869464612,27522.76,21.03,2.56,1.62
NIFTY100 Enhanced ESG,07-04-2020,-,-,-,1708.76,142.06,9.07,973903851,36754.35,22.93,2.8,1.48
NIFTY100 Enhanced ESG,08-04-2020,-,-,-,1702.93,-5.83,-.34,1115620024,39506.87,22.86,2.79,1.49
NIFTY100 Enhanced ESG,09-04-2020,-,-,-,1767.88,64.95,3.81,914413013,33393.44,23.73,2.89,1.43
NIFTY100 Enhanced ESG,13-04-2020,-,-,-,1749.75,-18.13,-1.03,1499658884,28699.18,23.48,2.86,1.45
NIFTY100 Enhanced ESG,15-04-2020,-,-,-,1741.18,-8.57,-.49,1678197882,44176.34,23.37,2.85,1.46
NIFTY100 Enhanced ESG,16-04-2020,-,-,-,1751.52,10.34,.59,1236335916,34405.62,23.47,2.87,1.45
NIFTY100 Enhanced ESG,17-04-2020,-,-,-,1797.75,46.23,2.64,1439431568,37344,24.07,2.94,1.41
NIFTY100 Enhanced ESG,20-04-2020,-,-,-,1798.91,1.17,.06,1117590891,31855.98,23.98,2.94,1.41
NIFTY100 Enhanced ESG,21-04-2020,-,-,-,1753.07,-45.85,-2.55,982694261,31795.4,23.33,2.87,1.45
NIFTY100 Enhanced ESG,22-04-2020,-,-,-,1797.84,44.77,2.55,1219670597,38305.61,23.93,2.94,1.41
NIFTY100 Enhanced ESG,23-04-2020,-,-,-,1819.59,21.75,1.21,1387009522,33145.32,24.22,2.98,1.39
NIFTY100 Enhanced ESG,24-04-2020,-,-,-,1791.29,-28.3,-1.56,1014597789,35937.45,23.84,2.93,1.41
NIFTY100 Enhanced ESG,27-04-2020,-,-,-,1817.58,26.29,1.47,862450493,30289.09,24.19,2.98,1.39
NIFTY100 Enhanced ESG,28-04-2020,-,-,-,1832.72,15.13,.83,977787992,33048.09,24.4,3,1.38
NIFTY100 Enhanced ESG,29-04-2020,-,-,-,1859.87,27.15,1.48,1193535821,35578.93,25.3,3.04,1.36
NIFTY100 Enhanced ESG,30-04-2020,-,-,-,1919.32,59.45,3.2,1313591792,42466.88,26.11,3.14,1.32
NIFTY100 Enhanced ESG,04-05-2020,-,-,-,1817.95,-101.36,-5.28,1188461703,32675.08,25.23,2.98,1.39
NIFTY100 Enhanced ESG,05-05-2020,-,-,-,1802.31,-15.65,-.86,987182456,33084.4,25.03,2.95,1.41
NIFTY100 Enhanced ESG,06-05-2020,-,-,-,1817.46,15.16,.84,1202551009,33487.73,25.24,2.97,1.39
NIFTY100 Enhanced ESG,07-05-2020,-,-,-,1807.49,-9.98,-.55,919277483,61878.94,25.1,2.96,1.4
NIFTY100 Enhanced ESG,08-05-2020,-,-,-,1822.75,15.27,.84,841088047,32992.1,25.29,2.98,1.39
NIFTY100 Enhanced ESG,11-05-2020,-,-,-,1825.21,2.46,.13,1740844047,33445.16,25.28,2.99,1.39
NIFTY100 Enhanced ESG,12-05-2020,-,-,-,1810.1,-15.11,-.83,1384839526,39905.76,25.11,2.96,1.4
NIFTY100 Enhanced ESG,13-05-2020,-,-,-,1845.31,35.21,1.95,1340152802,38692.29,25.57,3.01,1.38
NIFTY100 Enhanced ESG,14-05-2020,-,-,-,1799.82,-45.49,-2.47,937482928,32196.73,25.02,2.94,1.41
NIFTY100 Enhanced ESG,15-05-2020,-,-,-,1796.95,-2.87,-.16,858063133,28495.44,24.98,2.94,1.41
NIFTY100 Enhanced ESG,18-05-2020,-,-,-,1742.0,-54.95,-3.06,1181625854,35552.89,24.21,2.85,1.46
NIFTY100 Enhanced ESG,19-05-2020,-,-,-,1748.73,6.73,.39,1672578343,34230.4,24.31,2.85,1.45
NIFTY100 Enhanced ESG,20-05-2020,-,-,-,1784.05,35.32,2.02,1180761251,33227.34,25.35,2.91,1.42
NIFTY100 Enhanced ESG,21-05-2020,-,-,-,1788.9,4.85,.27,1065354194,31487.08,25.24,2.92,1.42
NIFTY100 Enhanced ESG,22-05-2020,-,-,-,1779.15,-9.75,-.55,1115800697,34446.32,25.06,2.9,1.43
NIFTY100 Enhanced ESG,26-05-2020,-,-,-,1773.9,-5.25,-.29,949296942,32696.57,25.3,2.89,1.43
NIFTY100 Enhanced ESG,27-05-2020,-,-,-,1824.27,50.36,2.84,1052110751,36859.53,26.02,2.97,1.39
NIFTY100 Enhanced ESG,28-05-2020,-,-,-,1858.73,34.46,1.89,1470299982,40678.26,26.52,3.03,1.37
NIFTY100 Enhanced ESG,29-05-2020,-,-,-,1874.42,15.69,.84,3651224007,54428.98,26.75,3.05,1.36
NIFTY100 Enhanced ESG,01-06-2020,-,-,-,1922.19,47.77,2.55,1474732721,42060.39,27.43,3.13,1.32
NIFTY100 Enhanced ESG,02-06-2020,-,-,-,1949.7,27.51,1.43,1894005133,41099.16,27.82,3.17,1.31
NIFTY100 Enhanced ESG,03-06-2020,-,-,-,1965.46,15.77,.81,1882958739,44421.32,28.05,3.2,1.3
NIFTY100 Enhanced ESG,04-06-2020,-,-,-,1960.55,-4.91,-.25,1731170668,41241.8,28.04,3.19,1.3
NIFTY100 Enhanced ESG,05-06-2020,-,-,-,1981.33,20.78,1.06,2927009529,42656.33,28.51,3.22,1.28
NIFTY100 Enhanced ESG,08-06-2020,-,-,-,1985.55,4.22,.21,3082129067,44771.4,28.57,3.23,1.28
NIFTY100 Enhanced ESG,09-06-2020,-,-,-,1962.44,-23.11,-1.16,2463377106,41679.04,28.18,3.19,1.3
NIFTY100 Enhanced ESG,10-06-2020,-,-,-,1974.37,11.92,.61,1866188934,33338.65,28.35,3.21,1.29
NIFTY100 Enhanced ESG,11-06-2020,-,-,-,1936.36,-38.0,-1.92,3042072341,35772.72,27.8,3.15,1.31
NIFTY100 Enhanced ESG,12-06-2020,-,-,-,1952.23,15.87,.82,2419741804,41459.76,28.09,3.18,1.3
NIFTY100 Enhanced ESG,15-06-2020,-,-,-,1926.76,-25.47,-1.3,1650173528,35616.96,27.73,3.13,1.32
NIFTY100 Enhanced ESG,16-06-2020,-,-,-,1944.01,17.26,.9,1808539748,40359.5,28.93,3.16,1.31
NIFTY100 Enhanced ESG,17-06-2020,-,-,-,1940.08,-3.93,-.2,1250482886,33571.01,29.59,3.16,1.31
NIFTY100 Enhanced ESG,18-06-2020,-,-,-,1974.62,34.54,1.78,1665219654,31779.03,30.33,3.21,1.29
NIFTY100 Enhanced ESG,19-06-2020,-,-,-,2004.75,30.13,1.53,1678814244,57585.43,30.89,3.26,1.27
NIFTY100 Enhanced ESG,22-06-2020,-,-,-,2018.21,13.46,.67,2055935838,41572.58,31.1,3.28,1.26
NIFTY100 Enhanced ESG,23-06-2020,-,-,-,2048.47,30.26,1.5,1264840898,39927.92,31.56,3.33,1.24
NIFTY100 Enhanced ESG,24-06-2020,-,-,-,2021.6,-26.87,-1.31,1486837938,46832.44,31.15,3.29,1.26
NIFTY100 Enhanced ESG,25-06-2020,-,-,-,2012.92,-8.67,-.43,1551932379,44750.23,31.02,3.27,1.26
NIFTY100 Enhanced ESG,26-06-2020,-,-,-,2039.24,26.31,1.31,635732618,34038.18,29.37,3.4,1.42
NIFTY100 Enhanced ESG,29-06-2020,-,-,-,2024.18,-15.06,-.74,525199267,28532.53,29.2,3.37,1.43
NIFTY100 Enhanced ESG,30-06-2020,-,-,-,2022.49,-1.69,-.08,573493788,29765.17,28.9,3.37,1.43
NIFTY100 Enhanced ESG,01-07-2020,-,-,-,2039.51,17.02,.84,550397320,30527.62,29.7,3.4,1.42
NIFTY100 Enhanced ESG,02-07-2020,-,-,-,2064.7,25.19,1.24,648600751,34523.22,30.07,3.44,1.4
NIFTY100 Enhanced ESG,03-07-2020,-,-,-,2077.12,12.42,.6,620286317,29115.24,30.25,3.46,1.39
NIFTY100 Enhanced ESG,06-07-2020,-,-,-,2102.96,25.84,1.24,606148304,32509.04,30.63,3.5,1.37
NIFTY100 Enhanced ESG,07-07-2020,-,-,-,2112.83,9.87,.47,723386581,41015.5,30.77,3.52,1.37
NIFTY100 Enhanced ESG,08-07-2020,-,-,-,2095.38,-17.45,-.83,797862941,41942.38,30.52,3.49,1.38
NIFTY100 Enhanced ESG,09-07-2020,-,-,-,2114.07,18.69,.89,651978732,34632.96,30.8,3.52,1.37
NIFTY100 Enhanced ESG,10-07-2020,-,-,-,2106.29,-7.78,-.37,618603163,33921.2,30.85,3.51,1.37
NIFTY100 Enhanced ESG,13-07-2020,-,-,-,2115.71,9.43,.45,586155842,33886.77,30.98,3.53,1.37
NIFTY100 Enhanced ESG,14-07-2020,-,-,-,2081.32,-34.4,-1.63,597334835,35102.47,30.49,3.47,1.39
NIFTY100 Enhanced ESG,15-07-2020,-,-,-,2089.67,8.35,.4,754838599,45962.8,30.61,3.48,1.38
NIFTY100 Enhanced ESG,16-07-2020,-,-,-,2120.17,30.51,1.46,721261891,44817.46,31.04,3.53,1.36
NIFTY100 Enhanced ESG,17-07-2020,-,-,-,2150.63,30.46,1.44,740918587,40465.42,31.38,3.58,1.34
NIFTY100 Enhanced ESG,20-07-2020,-,-,-,2176.54,25.91,1.2,579688722,36465.95,31.76,3.63,1.33
NIFTY100 Enhanced ESG,21-07-2020,-,-,-,2196.28,19.74,.91,818587280,47062.55,31.82,3.66,1.32
NIFTY100 Enhanced ESG,22-07-2020,-,-,-,2187.37,-8.91,-.41,747030244,44825.36,31.71,3.65,1.32
NIFTY100 Enhanced ESG,23-07-2020,-,-,-,2195.65,8.28,.38,648903171,36382.54,31.89,3.66,1.32
NIFTY100 Enhanced ESG,24-07-2020,-,-,-,2190.84,-4.82,-.22,668000460,42406.3,32.09,3.65,1.32
NIFTY100 Enhanced ESG,27-07-2020,-,-,-,2184.54,-6.29,-.29,648483463,38649.81,32,3.64,1.32
NIFTY100 Enhanced ESG,28-07-2020,-,-,-,2218.55,34.01,1.56,724780364,41975.03,32.91,3.61,1.37
NIFTY100 Enhanced ESG,29-07-2020,-,-,-,2202.95,-15.6,-.7,661549023,42317.56,32.66,3.57,1.42
NIFTY100 Enhanced ESG,30-07-2020,-,-,-,2188.19,-14.76,-.67,676674290,43441.53,32.57,3.54,1.43
NIFTY100 Enhanced ESG,31-07-2020,-,-,-,2186.21,-1.98,-.09,690653170,39238.69,34.66,3.48,1.44
NIFTY100 Enhanced ESG,03-08-2020,-,-,-,2156.96,-29.24,-1.34,841469227,37236.53,34.19,3.43,1.46
NIFTY100 Enhanced ESG,04-08-2020,-,-,-,2188.93,31.97,1.48,673370922,38292.62,35.06,3.48,1.44
NIFTY100 Enhanced ESG,05-08-2020,-,-,-,2189.4,0.47,.02,713397897,37668.7,35.07,3.48,1.44
NIFTY100 Enhanced ESG,06-08-2020,-,-,-,2209.75,20.35,.93,677720515,36907.01,35.37,3.52,1.42
NIFTY100 Enhanced ESG,07-08-2020,-,-,-,2210.34,0.59,.03,536110916,31657.34,35.38,3.52,1.42
NIFTY100 Enhanced ESG,10-08-2020,-,-,-,2224.34,14.0,.63,606046305,35011.98,36.5,3.54,1.41
NIFTY100 Enhanced ESG,11-08-2020,-,-,-,2230.35,6.01,.27,691230914,34961.43,36.41,3.55,1.41
NIFTY100 Enhanced ESG,12-08-2020,-,-,-,2227.23,-3.12,-.14,734969099,34292.64,36.36,3.54,1.41
NIFTY100 Enhanced ESG,13-08-2020,-,-,-,2228.69,1.46,.07,690231119,33328.71,36.61,3.55,1.41
NIFTY100 Enhanced ESG,14-08-2020,-,-,-,2207.7,-20.99,-.94,718123286,36819.13,36.19,3.51,1.42
NIFTY100 Enhanced ESG,17-08-2020,-,-,-,2218.89,11.19,.51,609225603,29990.64,36.79,3.53,1.42
NIFTY100 Enhanced ESG,18-08-2020,-,-,-,2245.82,26.93,1.21,599580200,31430.26,37.24,3.57,1.4
NIFTY100 Enhanced ESG,19-08-2020,-,-,-,2249.14,3.31,.15,697330875,31623.12,37.29,3.58,1.4
NIFTY100 Enhanced ESG,20-08-2020,-,-,-,2231.99,-17.15,-.76,788270218,30599.4,37.15,3.54,1.43
NIFTY100 Enhanced ESG,21-08-2020,-,-,-,2241.6,9.61,.43,639256582,29591.06,37.31,3.54,1.42
NIFTY100 Enhanced ESG,24-08-2020,-,-,-,2255.24,13.65,.61,548891876,31539.52,37.57,3.59,1.41
NIFTY100 Enhanced ESG,25-08-2020,-,-,-,2255.06,-0.18,-.01,645451856,31772.57,37.58,3.59,1.41
NIFTY100 Enhanced ESG,26-08-2020,-,-,-,2267.91,12.85,.57,765304203,37479.84,37.79,3.61,1.4
NIFTY100 Enhanced ESG,27-08-2020,-,-,-,2271.36,3.45,.15,758622100,35289.08,37.85,3.61,1.4
NIFTY100 Enhanced ESG,28-08-2020,-,-,-,2281.25,9.88,.44,911907109,43021.05,38.02,3.63,1.39
NIFTY100 Enhanced ESG,31-08-2020,-,-,-,2230.42,-50.83,-2.23,1310453548,64693.44,37.33,3.55,1.43
NIFTY100 Enhanced ESG,01-09-2020,-,-,-,2249.12,18.7,.84,774097016,39546.95,37.64,3.58,1.41
NIFTY100 Enhanced ESG,02-09-2020,-,-,-,2265.6,16.48,.73,612806472,30485.64,37.93,3.61,1.4
NIFTY100 Enhanced ESG,03-09-2020,-,-,-,2269.95,4.35,.19,631648424,29654.57,38,3.61,1.4
NIFTY100 Enhanced ESG,04-09-2020,-,-,-,2230.55,-39.4,-1.74,694034771,33851.13,37.34,3.55,1.43
NIFTY100 Enhanced ESG,07-09-2020,-,-,-,2234.58,4.03,.18,555278131,27801.28,37.44,3.56,1.43
NIFTY100 Enhanced ESG,08-09-2020,-,-,-,2225.66,-8.92,-.4,582141524,31230.32,37.29,3.54,1.43
NIFTY100 Enhanced ESG,09-09-2020,-,-,-,2222.21,-3.45,-.15,744105603,35305.62,37.23,3.54,1.44
NIFTY100 Enhanced ESG,10-09-2020,-,-,-,2251.87,29.65,1.33,698390343,41730.5,37.73,3.59,1.42
NIFTY100 Enhanced ESG,11-09-2020,-,-,-,2257.98,6.12,.27,584939619,32345,37.83,3.6,1.41
NIFTY100 Enhanced ESG,14-09-2020,-,-,-,2260.35,2.37,.11,675254446,37277.5,37.87,3.6,1.41
NIFTY100 Enhanced ESG,15-09-2020,-,-,-,2277.2,16.85,.75,532651738,31663.46,38.15,3.6,1.41
NIFTY100 Enhanced ESG,16-09-2020,-,-,-,2296.76,19.55,.86,567541405,30836.63,38.48,3.62,1.42
NIFTY100 Enhanced ESG,17-09-2020,-,-,-,2281.87,-14.89,-.65,531124047,31861.85,38.23,3.6,1.43
NIFTY100 Enhanced ESG,18-09-2020,-,-,-,2281.27,-0.59,-.03,785283973,53255.26,38.23,3.6,1.43
NIFTY100 Enhanced ESG,21-09-2020,-,-,-,2230.82,-50.45,-2.21,648884725,40703.73,37.39,3.52,1.46
NIFTY100 Enhanced ESG,22-09-2020,-,-,-,2212.48,-18.34,-.82,709280007,38533.23,37.08,3.49,1.47
NIFTY100 Enhanced ESG,23-09-2020,-,-,-,2209.64,-2.84,-.13,696993905,37462.53,37.03,3.49,1.47
NIFTY100 Enhanced ESG,24-09-2020,-,-,-,2146.63,-63.02,-2.85,758433315,39195.04,35.97,3.39,1.52
NIFTY100 Enhanced ESG,25-09-2020,-,-,-,2198.16,51.54,2.4,665460689,34955.66,37.08,3.48,1.48
NIFTY100 Enhanced ESG,28-09-2020,-,-,-,2230.81,32.65,1.49,503357661,26777.03,37.63,3.53,1.46
NIFTY100 Enhanced ESG,29-09-2020,-,-,-,2231.64,0.83,.04,570239390,30635.66,37.64,3.53,1.46
NIFTY100 Enhanced ESG,30-09-2020,-,-,-,2238.56,6.92,.31,568565789,31828.16,37.76,3.54,1.45
NIFTY100 Enhanced ESG,01-10-2020,-,-,-,2270.5,31.94,1.43,490187464,28925.04,38.3,3.6,1.43
NIFTY100 Enhanced ESG,05-10-2020,-,-,-,2292.62,22.13,.97,580502869,34171.75,38.67,3.63,1.42
NIFTY100 Enhanced ESG,06-10-2020,-,-,-,2321.74,29.12,1.27,627226367,34010.85,39.16,3.68,1.4
NIFTY100 Enhanced ESG,07-10-2020,-,-,-,2338.06,16.32,.7,568410022,36390.62,39.44,3.7,1.4
NIFTY100 Enhanced ESG,08-10-2020,-,-,-,2362.74,24.68,1.06,682503817,42028.29,39.85,3.74,1.39
NIFTY100 Enhanced ESG,09-10-2020,-,-,-,2377.16,14.43,.61,681100491,38396.31,40.21,3.76,1.38
NIFTY100 Enhanced ESG,12-10-2020,-,-,-,2377.83,0.67,.03,580062363,29425.53,40.22,3.76,1.38
NIFTY100 Enhanced ESG,13-10-2020,-,-,-,2378.48,0.65,.03,527293871,32882.33,40.23,3.76,1.38
NIFTY100 Enhanced ESG,14-10-2020,-,-,-,2381.95,3.47,.15,612504515,33555.87,40.29,3.77,1.38
NIFTY100 Enhanced ESG,15-10-2020,-,-,-,2328.42,-53.53,-2.25,670050459,38549.97,39.38,3.68,1.41
NIFTY100 Enhanced ESG,16-10-2020,-,-,-,2348.02,19.6,.84,621114007,33631.69,39.47,3.71,1.4
NIFTY100 Enhanced ESG,19-10-2020,-,-,-,2364.83,16.81,.72,586263852,33644.71,39.73,3.74,1.39
NIFTY100 Enhanced ESG,20-10-2020,-,-,-,2375.71,10.88,.46,537243859,32742.98,39.64,3.76,1.38
NIFTY100 Enhanced ESG,21-10-2020,-,-,-,2382.45,6.74,.28,679505423,41064.29,39.75,3.77,1.38
NIFTY100 Enhanced ESG,22-10-2020,-,-,-,2374.89,-7.56,-.32,598935263,37046.63,39.6,3.76,1.38
NIFTY100 Enhanced ESG,23-10-2020,-,-,-,2378.7,3.81,.16,548277107,29867.67,39.63,3.76,1.38
NIFTY100 Enhanced ESG,26-10-2020,-,-,-,2346.37,-32.33,-1.36,558588808,31525.98,39.15,3.71,1.4
NIFTY100 Enhanced ESG,27-10-2020,-,-,-,2369.17,22.8,.97,594019001,41081.43,39.97,3.75,1.38
NIFTY100 Enhanced ESG,28-10-2020,-,-,-,2341.69,-27.48,-1.16,729881339,39121.89,39.45,3.7,1.4
NIFTY100 Enhanced ESG,29-10-2020,-,-,-,2330.14,-11.55,-.49,565593077,33478.69,35.79,3.68,1.41
NIFTY100 Enhanced ESG,30-10-2020,-,-,-,2323.69,-6.46,-.28,634380234,32414.07,36.3,3.67,1.41
NIFTY100 Enhanced ESG,02-11-2020,-,-,-,2329.57,5.88,.25,627236450,39122.96,36.25,3.68,1.41
NIFTY100 Enhanced ESG,03-11-2020,-,-,-,2351.63,22.06,.95,674111185,40553.9,36.59,3.72,1.39
NIFTY100 Enhanced ESG,04-11-2020,-,-,-,2371.85,20.23,.86,639075548,38914.22,37.18,3.75,1.38
NIFTY100 Enhanced ESG,05-11-2020,-,-,-,2411.02,39.17,1.65,710705087,36657.87,37.77,3.81,1.36
NIFTY100 Enhanced ESG,06-11-2020,-,-,-,2436.28,25.27,1.05,641936306,39100.8,37.95,3.85,1.35
NIFTY100 Enhanced ESG,09-11-2020,-,-,-,2478.06,41.77,1.71,605500534,37835.83,38.51,3.92,1.32
NIFTY100 Enhanced ESG,10-11-2020,-,-,-,2495.88,17.82,.72,884249344,55561.76,38.77,3.94,1.31
NIFTY100 Enhanced ESG,11-11-2020,-,-,-,2521.29,25.41,1.02,913052396,58903.51,39.17,3.98,1.3
NIFTY100 Enhanced ESG,12-11-2020,-,-,-,2515.52,-5.77,-.23,655386509,40789.43,39.47,3.98,1.3
NIFTY100 Enhanced ESG,13-11-2020,-,-,-,2519.2,3.68,.15,566991799,37999.21,39.46,3.98,1.3
NIFTY100 Enhanced ESG,17-11-2020,-,-,-,2550.86,19.92,.79,741265035,44807.29,39.78,4.03,1.29
NIFTY100 Enhanced ESG,18-11-2020,-,-,-,2561.27,10.41,.41,797965815,43839.01,40.41,4.05,1.28
NIFTY100 Enhanced ESG,19-11-2020,-,-,-,2529.27,-32.0,-1.25,789934695,48944.06,39.89,4,1.3
NIFTY100 Enhanced ESG,20-11-2020,-,-,-,2548.55,19.28,.76,734998969,48119.12,40.2,4.03,1.29
NIFTY100 Enhanced ESG,23-11-2020,-,-,-,2565.86,17.31,.68,654564275,46287.12,40.47,4.05,1.28
NIFTY100 Enhanced ESG,24-11-2020,-,-,-,2586.58,20.71,.81,603613232,40764.46,40.8,4.09,1.27
NIFTY100 Enhanced ESG,25-11-2020,-,-,-,2545.17,-41.41,-1.6,645257987,41163.37,40.14,4.02,1.29
NIFTY100 Enhanced ESG,26-11-2020,-,-,-,2572.98,27.81,1.09,593723165,39976.25,40.58,4.07,1.27
NIFTY100 Enhanced ESG,27-11-2020,-,-,-,2569.52,-3.46,-.13,1181702763,90920.79,40.53,4.06,1.28
NIFTY100 Enhanced ESG,01-12-2020,-,-,-,2599.12,29.6,1.15,621845159,36638.88,41,4.11,1.26
NIFTY100 Enhanced ESG,02-12-2020,-,-,-,2606.7,7.58,.29,857117632,39720.74,41.12,4.12,1.26
NIFTY100 Enhanced ESG,03-12-2020,-,-,-,2606.16,-0.54,-.02,756300681,41783.17,41.11,4.12,1.26
NIFTY100 Enhanced ESG,04-12-2020,-,-,-,2625.98,19.82,.76,693797352,39755.15,41.42,4.15,1.25
NIFTY100 Enhanced ESG,07-12-2020,-,-,-,2644.24,18.26,.7,612088259,36382.23,41.71,4.18,1.24
NIFTY100 Enhanced ESG,08-12-2020,-,-,-,2651.63,7.39,.28,569432768,37115.37,41.92,4.2,1.23
NIFTY100 Enhanced ESG,09-12-2020,-,-,-,2676.05,24.42,.92,540929620,32267.28,42.3,4.23,1.22
NIFTY100 Enhanced ESG,10-12-2020,-,-,-,2664.69,-11.36,-.42,564903802,33740.79,42.12,4.22,1.22
NIFTY100 Enhanced ESG,11-12-2020,-,-,-,2664.79,0.1,0,653518267,35572.15,42.12,4.22,1.22
NIFTY100 Enhanced ESG,14-12-2020,-,-,-,2671.44,6.65,.25,550774126,30460.96,42.23,4.23,1.22
NIFTY100 Enhanced ESG,15-12-2020,-,-,-,2674.23,2.79,.1,530474925,34559.85,42.27,4.23,1.22
NIFTY100 Enhanced ESG,16-12-2020,-,-,-,2701.13,26.91,1.01,545054046,31686.99,42.7,4.27,1.21
NIFTY100 Enhanced ESG,17-12-2020,-,-,-,2711.75,10.61,.39,458716143,31503.67,42.87,4.29,1.2
NIFTY100 Enhanced ESG,18-12-2020,-,-,-,2719.81,8.06,.3,558340757,39887.83,42.99,4.3,1.2
NIFTY100 Enhanced ESG,21-12-2020,-,-,-,2637.11,-82.7,-3.04,711846293,42882.51,41.69,4.17,1.24
NIFTY100 Enhanced ESG,22-12-2020,-,-,-,2670.39,33.28,1.26,730930193,40751.46,42.21,4.23,1.22
NIFTY100 Enhanced ESG,23-12-2020,-,-,-,2701.92,31.53,1.18,502947061,30981.09,42.71,4.28,1.21
NIFTY100 Enhanced ESG,24-12-2020,-,-,-,2724.92,23.0,.85,505874846,28513.24,43.07,4.31,1.2
NIFTY100 Enhanced ESG,28-12-2020,-,-,-,2749.49,24.57,.9,440992672,24061.33,43.46,4.35,1.19
NIFTY100 Enhanced ESG,29-12-2020,-,-,-,2759.2,9.72,.35,471005230,28486.41,43.62,4.37,1.18
NIFTY100 Enhanced ESG,30-12-2020,-,-,-,2769.14,9.94,.36,413098973,27480.87,43.77,4.38,1.18
NIFTY100 Enhanced ESG,31-12-2020,-,-,-,2769.74,0.59,.02,471616726,29595.34,43.78,4.38,1.18
NIFTY100 Enhanced ESG,01-01-2021,-,-,-,2782.57,12.84,.46,252020036,16609.04,42.09,4.95,1.33
NIFTY100 Enhanced ESG,04-01-2021,-,-,-,2817.66,35.09,1.26,473178013,30182.43,42.62,5.02,1.32
NIFTY100 Enhanced ESG,05-01-2021,-,-,-,2845.43,27.77,.99,538366513,35727.15,43.04,5.07,1.3
NIFTY100 Enhanced ESG,06-01-2021,-,-,-,2838.56,-6.87,-.24,615258998,39444.4,42.94,5.05,1.31
NIFTY100 Enhanced ESG,07-01-2021,-,-,-,2837.93,-0.64,-.02,547041435,36057.88,42.93,5.05,1.31
NIFTY100 Enhanced ESG,08-01-2021,-,-,-,2891.11,53.18,1.87,564749421,38732.7,43.73,5.15,1.28
NIFTY100 Enhanced ESG,11-01-2021,-,-,-,2925.58,34.47,1.19,652193042,41509.2,44.1,5.21,1.27
NIFTY100 Enhanced ESG,12-01-2021,-,-,-,2932.67,7.08,.24,974457958,48517.06,44.21,5.22,1.26
NIFTY100 Enhanced ESG,13-01-2021,-,-,-,2925.16,-7.51,-.26,835259706,47367.23,44.09,5.21,1.27
NIFTY100 Enhanced ESG,14-01-2021,-,-,-,2928.83,3.67,.13,590859461,39392.96,44.15,5.21,1.27
NIFTY100 Enhanced ESG,15-01-2021,-,-,-,2890.72,-38.11,-1.3,773331545,42301.17,43.26,5.15,1.28
NIFTY100 Enhanced ESG,18-01-2021,-,-,-,2849.62,-41.09,-1.42,720833554,43197.56,42.65,5.07,1.3
NIFTY100 Enhanced ESG,19-01-2021,-,-,-,2894.8,45.18,1.59,562594618,35672.64,43,5.15,1.28
NIFTY100 Enhanced ESG,20-01-2021,-,-,-,2920.04,25.24,.87,601116727,36113.44,43.38,5.2,1.27
NIFTY100 Enhanced ESG,21-01-2021,-,-,-,2908.06,-11.99,-.41,753568995,48082.11,43.16,5.18,1.27
NIFTY100 Enhanced ESG,22-01-2021,-,-,-,2885.2,-22.85,-.79,842946447,49976.02,42.83,5.14,1.28
NIFTY100 Enhanced ESG,25-01-2021,-,-,-,2864.04,-21.16,-.73,646101745,45191.41,42.36,5.1,1.29
NIFTY100 Enhanced ESG,27-01-2021,-,-,-,2820.43,-43.61,-1.52,636858884,42073.73,41.52,5.02,1.31
NIFTY100 Enhanced ESG,28-01-2021,-,-,-,2799.14,-21.29,-.75,651473181,42369.3,41.12,4.98,1.32
NIFTY100 Enhanced ESG,29-01-2021,-,-,-,2742.39,-56.75,-2.03,746214209,48219.82,40.36,4.88,1.35
NIFTY100 Enhanced ESG,01-02-2021,-,-,-,2843.79,101.4,3.7,862492465,52883.94,41.88,5.06,1.3
NIFTY100 Enhanced ESG,02-02-2021,-,-,-,2908.42,64.63,2.27,916830673,59109.51,42.34,5.18,1.27
NIFTY100 Enhanced ESG,03-02-2021,-,-,-,2938.05,29.63,1.02,842808869,48787.53,42.77,5.23,1.26
NIFTY100 Enhanced ESG,04-02-2021,-,-,-,2960.18,22.14,.75,796837803,47709.5,44.34,5.27,1.25
NIFTY100 Enhanced ESG,05-02-2021,-,-,-,2953.39,-6.8,-.23,831413684,53540.29,44.84,5.26,1.26
NIFTY100 Enhanced ESG,08-02-2021,-,-,-,2994.93,41.54,1.41,634787631,41377.05,45.45,5.33,1.24
NIFTY100 Enhanced ESG,09-02-2021,-,-,-,2991.58,-3.35,-.11,687418951,43590.42,45.25,5.32,1.24
NIFTY100 Enhanced ESG,10-02-2021,-,-,-,2997.32,5.74,.19,664003852,43886.87,45.12,5.33,1.24
NIFTY100 Enhanced ESG,11-02-2021,-,-,-,3007.69,10.37,.35,504289694,33177.92,45.03,5.35,1.23
NIFTY100 Enhanced ESG,12-02-2021,-,-,-,3009.59,1.9,.06,605249598,35455.88,44.99,5.35,1.23
NIFTY100 Enhanced ESG,15-02-2021,-,-,-,3033.85,24.27,.81,560114271,33825.31,44.61,5.4,1.22
NIFTY100 Enhanced ESG,16-02-2021,-,-,-,3029.4,-4.45,-.15,611946234,39048.9,44.56,5.39,1.22
NIFTY100 Enhanced ESG,17-02-2021,-,-,-,3015.99,-13.41,-.44,562608104,37607.31,44.36,5.36,1.23
NIFTY100 Enhanced ESG,18-02-2021,-,-,-,3005.45,-10.54,-.35,715658486,40451.58,44.01,5.34,1.23
NIFTY100 Enhanced ESG,19-02-2021,-,-,-,2976.19,-29.27,-.97,728922480,40155.77,43.58,5.29,1.25
NIFTY100 Enhanced ESG,22-02-2021,-,-,-,2917.36,-58.83,-1.98,562550727,37130.94,42.72,5.19,1.27
NIFTY100 Enhanced ESG,23-02-2021,-,-,-,2926.75,9.4,.32,675665651,40199.26,42.84,5.2,1.27
NIFTY100 Enhanced ESG,24-02-2021,-,-,-,2963.69,36.93,1.26,400549887,24458.86,43.38,5.27,1.25
NIFTY100 Enhanced ESG,25-02-2021,-,-,-,2980.8,17.12,.58,715093477,42527.37,43.64,5.3,1.24
NIFTY100 Enhanced ESG,26-02-2021,-,-,-,2880.49,-100.31,-3.37,1087208284,67275.76,42.17,5.12,1.29
NIFTY100 Enhanced ESG,01-03-2021,-,-,-,2922.17,41.68,1.45,512286612,30986.86,42.78,5.2,1.27
NIFTY100 Enhanced ESG,02-03-2021,-,-,-,2970.13,47.96,1.64,579886108,34576.42,43.48,5.28,1.25
NIFTY100 Enhanced ESG,03-03-2021,-,-,-,3022.05,51.92,1.75,544334259,36191,44.24,5.37,1.23
NIFTY100 Enhanced ESG,04-03-2021,-,-,-,3005.33,-16.72,-.55,527809451,36402.82,43.99,5.34,1.23
NIFTY100 Enhanced ESG,05-03-2021,-,-,-,2968.56,-36.77,-1.22,615596462,38557.37,43.46,5.28,1.25
NIFTY100 Enhanced ESG,08-03-2021,-,-,-,2968.98,0.41,.01,520027689,29412.43,43.35,5.28,1.25
NIFTY100 Enhanced ESG,09-03-2021,-,-,-,2982.97,14.0,.47,667433287,39056.92,43.55,5.31,1.24
NIFTY100 Enhanced ESG,10-03-2021,-,-,-,3007.92,24.95,.84,401234550,26878.46,43.92,5.35,1.23
NIFTY100 Enhanced ESG,12-03-2021,-,-,-,2983.08,-24.84,-.83,520563074,33963.56,43.55,5.31,1.24
NIFTY100 Enhanced ESG,15-03-2021,-,-,-,2968.33,-14.75,-.49,458524885,28544.55,43.34,5.28,1.25
NIFTY100 Enhanced ESG,16-03-2021,-,-,-,2973.88,5.54,.19,401806082,27604.08,43.42,5.29,1.25
NIFTY100 Enhanced ESG,17-03-2021,-,-,-,2931.25,-42.62,-1.43,410530410,27511.97,42.8,5.21,1.27
NIFTY100 Enhanced ESG,18-03-2021,-,-,-,2895.5,-35.76,-1.22,459741439,30527.51,42.27,5.15,1.28
NIFTY100 Enhanced ESG,19-03-2021,-,-,-,2923.66,28.17,.97,794715393,48438.39,42.67,5.2,1.27
NIFTY100 Enhanced ESG,22-03-2021,-,-,-,2936.67,13.0,.44,428867943,28074.43,42.85,5.22,1.26
NIFTY100 Enhanced ESG,23-03-2021,-,-,-,2955.11,18.45,.63,468814641,31048.51,43.12,5.25,1.26
NIFTY100 Enhanced ESG,24-03-2021,-,-,-,2908.18,-46.94,-1.59,432336619,28112.35,42.44,5.17,1.28
NIFTY100 Enhanced ESG,25-03-2021,-,-,-,2852.07,-56.1,-1.93,568806660,35186.17,41.62,5.07,1.3
NIFTY100 Enhanced ESG,26-03-2021,-,-,-,2888.99,36.91,1.29,472736719,30157.67,42.16,5.13,1.29
NIFTY100 Enhanced ESG,30-03-2021,-,-,-,2944.34,55.35,1.92,594111391,37045.05,42.96,5.23,1.26
NIFTY100 Enhanced ESG,31-03-2021,-,-,-,2928.24,-16.1,-.55,455383990,31264.35,34.89,5.2,1.06
NIFTY100 Enhanced ESG,01-04-2021,-,-,-,2963.04,34.8,1.19,406253194,29174.48,35.3,5.27,1.05
NIFTY100 Enhanced ESG,05-04-2021,-,-,-,2933.15,-29.89,-1.01,496744556,34632.01,34.95,5.22,1.06
NIFTY100 Enhanced ESG,06-04-2021,-,-,-,2947.03,13.88,.47,401872254,27619.79,35.11,5.24,1.05
NIFTY100 Enhanced ESG,07-04-2021,-,-,-,2977.28,30.25,1.03,424161353,29375.57,35.47,5.29,1.04
NIFTY100 Enhanced ESG,08-04-2021,-,-,-,2999.22,21.95,.74,498335859,34037.6,35.73,5.33,1.05
NIFTY100 Enhanced ESG,09-04-2021,-,-,-,2997.46,-1.76,-.06,487143623,35186.79,35.71,5.33,1.05
NIFTY100 Enhanced ESG,12-04-2021,-,-,-,2885.59,-111.87,-3.73,620201549,41388.3,34.38,5.13,1.09
NIFTY100 Enhanced ESG,13-04-2021,-,-,-,2910.7,25.11,.87,564763779,37356.57,34.61,5.18,1.08
NIFTY100 Enhanced ESG,15-04-2021,-,-,-,2919.71,9.0,.31,545333658,39171.1,34.6,5.19,1.08
NIFTY100 Enhanced ESG,16-04-2021,-,-,-,2942.06,22.35,.77,534782289,34203.15,34.78,5.23,1.07
NIFTY100 Enhanced ESG,19-04-2021,-,-,-,2888.19,-53.88,-1.83,497602533,34027.35,34.08,5.14,1.09
NIFTY100 Enhanced ESG,20-04-2021,-,-,-,2878.57,-9.61,-.33,467422908,34641.83,33.93,5.13,1.09
NIFTY100 Enhanced ESG,22-04-2021,-,-,-,2889.59,11.02,.38,513730285,36486.48,34.06,5.14,1.1
NIFTY100 Enhanced ESG,23-04-2021,-,-,-,2879.85,-9.74,-.34,491697404,31885.29,33.94,5.13,1.1
NIFTY100 Enhanced ESG,26-04-2021,-,-,-,2902.57,22.72,.79,434300860,33411.75,34.07,5.17,1.09
NIFTY100 Enhanced ESG,27-04-2021,-,-,-,2927.21,24.64,.85,423237113,30497.82,34.46,5.21,1.08
NIFTY100 Enhanced ESG,28-04-2021,-,-,-,2964.69,37.48,1.28,476282973,38315.65,34.8,5.28,1.07
NIFTY100 Enhanced ESG,29-04-2021,-,-,-,2961.53,-3.17,-.11,509062763,41008.54,34.76,5.27,1.12
NIFTY100 Enhanced ESG,30-04-2021,-,-,-,2924.66,-36.87,-1.24,567287450,40136.67,34.33,5.21,1.13
NIFTY100 Enhanced ESG,03-05-2021,-,-,-,2932.24,7.58,.26,434250796,32004.98,33.48,5.22,1.13
NIFTY100 Enhanced ESG,04-05-2021,-,-,-,2912.08,-20.15,-.69,467294976,32311.24,32.97,5.18,1.14
NIFTY100 Enhanced ESG,05-05-2021,-,-,-,2937.68,25.59,.88,404444301,27109.17,33.21,5.23,1.12
NIFTY100 Enhanced ESG,06-05-2021,-,-,-,2964.64,26.97,.92,466087779,31325.21,33.49,5.28,1.11
NIFTY100 Enhanced ESG,07-05-2021,-,-,-,2976.13,11.48,.39,493314323,32885.02,33.1,5.3,1.1
NIFTY100 Enhanced ESG,10-05-2021,-,-,-,2999.79,23.66,.8,552438939,32241.34,33.24,5.34,1.09
NIFTY100 Enhanced ESG,11-05-2021,-,-,-,2988.54,-11.25,-.37,612002683,33643.94,33.03,5.32,1.11
NIFTY100 Enhanced ESG,12-05-2021,-,-,-,2969.31,-19.23,-.64,651127384,36049.47,32.81,5.29,1.11
NIFTY100 Enhanced ESG,14-05-2021,-,-,-,2951.32,-17.99,-.61,594098457,38898.41,32.59,5.25,1.13
NIFTY100 Enhanced ESG,17-05-2021,-,-,-,2992.02,40.7,1.38,555980038,36490.7,32.13,5.33,1.15
NIFTY100 Enhanced ESG,18-05-2021,-,-,-,3036.3,44.28,1.48,577023552,37445.04,32.58,5.4,1.13
NIFTY100 Enhanced ESG,19-05-2021,-,-,-,3033.61,-2.7,-.09,563580250,32364.62,32.1,5.4,1.09
NIFTY100 Enhanced ESG,20-05-2021,-,-,-,3020.15,-13.45,-.44,477243262,29839.13,31.75,5.38,1.1
NIFTY100 Enhanced ESG,21-05-2021,-,-,-,3055.43,35.28,1.17,587832758,35129.01,31.39,5.44,1.09
NIFTY100 Enhanced ESG,24-05-2021,-,-,-,3063.12,7.68,.25,597622661,34704.4,31.38,5.45,1.08
NIFTY100 Enhanced ESG,25-05-2021,-,-,-,3069.69,6.57,.21,465041985,30728.57,31.34,5.46,1.11
NIFTY100 Enhanced ESG,26-05-2021,-,-,-,3087.94,18.25,.59,399607897,27972.46,31.52,5.5,1.11
NIFTY100 Enhanced ESG,27-05-2021,-,-,-,3102.66,14.71,.48,745209303,56986.15,31.67,5.52,1.1
NIFTY100 Enhanced ESG,28-05-2021,-,-,-,3106.94,4.28,.14,440563724,32333.27,31.22,5.53,1.1
NIFTY100 Enhanced ESG,31-05-2021,-,-,-,3126.74,19.8,.64,435079276,33745.4,31.36,5.48,1.17
NIFTY100 Enhanced ESG,01-06-2021,-,-,-,3125.56,-1.18,-.04,347489360,27193.8,30.96,5.48,1.16
NIFTY100 Enhanced ESG,02-06-2021,-,-,-,3138.02,12.46,.4,455870783,31086.81,31.08,5.5,1.16
NIFTY100 Enhanced ESG,03-06-2021,-,-,-,3163.75,25.74,.82,411464346,30643.29,31.34,5.55,1.15
NIFTY100 Enhanced ESG,04-06-2021,-,-,-,3166.34,2.58,.08,394543403,26642.59,31.26,5.55,1.15
NIFTY100 Enhanced ESG,07-06-2021,-,-,-,3178.89,12.55,.4,398052382,25761.84,31.39,5.57,1.15
NIFTY100 Enhanced ESG,08-06-2021,-,-,-,3192.95,14.06,.44,371436593,25769.28,31.53,5.6,1.14
NIFTY100 Enhanced ESG,09-06-2021,-,-,-,3172.28,-20.66,-.65,484913213,28182.3,31.34,5.56,1.15
NIFTY100 Enhanced ESG,10-06-2021,-,-,-,3201.31,29.02,.91,347378310,25638.79,31.57,5.61,1.14
NIFTY100 Enhanced ESG,11-06-2021,-,-,-,3212.84,11.54,.36,393225591,26528.73,31.83,5.63,1.14
NIFTY100 Enhanced ESG,14-06-2021,-,-,-,3214.42,1.58,.05,345300091,24294.89,31.85,5.64,1.16
NIFTY100 Enhanced ESG,15-06-2021,-,-,-,3223.08,8.65,.27,315236862,21859,31.75,5.65,1.15
NIFTY100 Enhanced ESG,16-06-2021,-,-,-,3205.85,-17.23,-.53,325130079,22611.88,31.59,5.62,1.16
NIFTY100 Enhanced ESG,17-06-2021,-,-,-,3190.99,-14.86,-.46,309397136,23360.6,30.9,5.6,1.19
NIFTY100 Enhanced ESG,18-06-2021,-,-,-,3179.3,-11.69,-.37,498247819,38378.33,30.78,5.52,1.19
NIFTY100 Enhanced ESG,21-06-2021,-,-,-,3190.78,11.49,.36,320246672,21470.73,30.89,5.52,1.18
NIFTY100 Enhanced ESG,22-06-2021,-,-,-,3209.39,18.61,.58,307476180,24195.02,31.07,5.55,1.17
NIFTY100 Enhanced ESG,23-06-2021,-,-,-,3191.74,-17.66,-.55,298952443,21993.18,30.87,5.52,1.18
NIFTY100 Enhanced ESG,24-06-2021,-,-,-,3211.1,19.36,.61,291240727,28836.88,30.92,5.55,1.17
NIFTY100 Enhanced ESG,25-06-2021,-,-,-,3225.46,14.37,.45,285314373,26428.07,31.05,5.58,1.16
NIFTY100 Enhanced ESG,28-06-2021,-,-,-,3217.58,-7.88,-.24,262576519,19399.33,30.98,5.56,1.17
NIFTY100 Enhanced ESG,29-06-2021,-,-,-,3202.62,-14.96,-.46,391562084,26737.81,30.83,5.54,1.19
NIFTY100 Enhanced ESG,30-06-2021,-,-,-,3196.07,-6.56,-.2,267467123,22516.3,33.18,5.75,1.14
NIFTY100 Enhanced ESG,01-07-2021,-,-,-,3192.47,-3.6,-.11,237220595,20922.55,33.15,5.75,1.16
NIFTY100 Enhanced ESG,02-07-2021,-,-,-,3195.98,3.52,.11,245419468,19895.48,33.18,5.75,1.15
NIFTY100 Enhanced ESG,05-07-2021,-,-,-,3213.51,17.53,.55,223002388,18204.59,33.37,5.79,1.15
NIFTY100 Enhanced ESG,06-07-2021,-,-,-,3209.46,-4.05,-.13,455332505,28171.72,33.32,5.78,1.17
NIFTY100 Enhanced ESG,07-07-2021,-,-,-,3219.04,9.57,.3,368788619,24694.31,33.42,5.8,1.16
NIFTY100 Enhanced ESG,08-07-2021,-,-,-,3201.68,-17.36,-.54,341498258,22643.8,33.24,5.76,1.28
NIFTY100 Enhanced ESG,09-07-2021,-,-,-,3196.3,-5.38,-.17,261316619,21440.31,33.18,5.75,1.23
NIFTY100 Enhanced ESG,12-07-2021,-,-,-,3197.44,1.15,.04,252651326,20355.63,33.1,5.76,1.24
NIFTY100 Enhanced ESG,13-07-2021,-,-,-,3206.37,8.93,.28,273157410,20327.19,33.18,5.77,1.23
NIFTY100 Enhanced ESG,14-07-2021,-,-,-,3220.67,14.3,.45,268915822,20409.96,33.33,5.8,1.24
NIFTY100 Enhanced ESG,15-07-2021,-,-,-,3237.84,17.17,.53,274509855,23612.27,33.51,5.83,1.23
NIFTY100 Enhanced ESG,16-07-2021,-,-,-,3238.19,0.34,.01,347001259,24119.2,33.4,5.83,1.21
NIFTY100 Enhanced ESG,19-07-2021,-,-,-,3210.08,-28.11,-.87,271566660,20890.19,33.12,5.79,1.23
NIFTY100 Enhanced ESG,20-07-2021,-,-,-,3188.05,-22.03,-.69,294275758,25907.32,32.76,5.75,1.23
NIFTY100 Enhanced ESG,22-07-2021,-,-,-,3233.63,45.58,1.43,317642149,30677.3,33.16,5.83,1.25
NIFTY100 Enhanced ESG,23-07-2021,-,-,-,3234.94,1.31,.04,335064993,25115.09,33.12,5.66,1.3
NIFTY100 Enhanced ESG,26-07-2021,-,-,-,3235.14,0.2,.01,283175918,23236.78,32.89,5.57,1.3
