INSTRUMENT,SYMBOL,EXPIRY_DT,STRIKE_PR,OPTION_TYP,OPEN,HIGH,LOW,CLOSE,SETTLE_PR,CONTRACTS,VAL_INLAKH,OPEN_INT,CHG_IN_OI,TIMESTAMP,
FUTSTK,TATACOMM,25-Feb-2016,0,XX,439,439,439,439,439.2,1,4.82,2200,1100,01-JAN-2016,
FUTSTK,TATACOMM,25-Feb-2016,0,XX,432.4,432.4,432.4,432.4,433.8,3,14.28,4400,2200,04-JAN-2016,
FUTSTK,TATACOMM,25-Feb-2016,0,XX,0,0,0,432.4,441.6,0,0,4400,0,05-JAN-2016,
FUTSTK,TATACOMM,25-Feb-2016,0,XX,450.55,450.55,450.55,450.55,445.35,2,9.91,4400,0,06-JAN-2016,
FUTSTK,TATACOMM,25-Feb-2016,0,XX,427,427,427,427,431.05,1,4.69,5500,1100,07-JAN-2016,
FUTSTK,TATACOMM,25-Feb-2016,0,XX,438.7,438.7,438.7,438.7,440.4,1,4.82,5500,0,08-JAN-2016,
FUTSTK,TATACOMM,25-Feb-2016,0,XX,0,0,0,438.7,437.05,0,0,5500,0,11-JAN-2016,
FUTSTK,TATACOMM,25-Feb-2016,0,XX,0,0,0,438.7,436.65,0,0,5500,0,12-JAN-2016,
FUTSTK,TATACOMM,25-Feb-2016,0,XX,436.15,437,413.05,437,438.85,12,56.4,13200,7700,13-JAN-2016,
FUTSTK,TATACOMM,25-Feb-2016,0,XX,435,435,435,435,436.4,1,4.78,13200,0,14-JAN-2016,
FUTSTK,TATACOMM,25-Feb-2016,0,XX,433,434,416,416.45,416.45,17,79.99,25300,12100,15-JAN-2016,
FUTSTK,TATACOMM,25-Feb-2016,0,XX,414,414,402,403.15,403.15,15,66.89,29700,4400,18-JAN-2016,
FUTSTK,TATACOMM,25-Feb-2016,0,XX,406.5,409.8,405.25,409.15,409.15,13,58.24,35200,5500,19-JAN-2016,
FUTSTK,TATACOMM,25-Feb-2016,0,XX,401,401,381,393.25,393.25,59,253.61,56100,20900,20-JAN-2016,
FUTSTK,TATACOMM,25-Feb-2016,0,XX,402,403.6,394.05,398.7,398.7,142,623.85,174900,118800,21-JAN-2016,
FUTSTK,TATACOMM,25-Feb-2016,0,XX,403,408.55,400.45,404.85,404.85,791,3540.29,961400,786500,22-JAN-2016,
FUTSTK,TATACOMM,25-Feb-2016,0,XX,407.05,408.3,401.7,405.75,405.75,749,3325.68,1468500,507100,25-JAN-2016,
FUTSTK,TATACOMM,25-Feb-2016,0,XX,404.45,407.45,399.05,400.1,400.1,1633,7240.34,2686200,1217700,27-JAN-2016,
FUTSTK,TATACOMM,25-Feb-2016,0,XX,400.35,414.2,388.5,406.95,406.95,3719,16329.73,4896100,2209900,28-JAN-2016,
FUTSTK,TATACOMM,31-Mar-2016,0,XX,0,0,0,405.75,405.4,0,0,2200,0,29-JAN-2016,
FUTSTK,TATACOMM,31-Mar-2016,0,XX,0,0,0,405.75,415.7,0,0,2200,0,01-FEB-2016,
FUTSTK,TATACOMM,31-Mar-2016,0,XX,412.25,412.25,405.55,405.55,410.7,2,8.99,4400,2200,02-FEB-2016,
FUTSTK,TATACOMM,31-Mar-2016,0,XX,394.1,394.1,394.1,394.1,385.2,1,4.33,5500,1100,03-FEB-2016,
FUTSTK,TATACOMM,31-Mar-2016,0,XX,381.25,381.25,374,374,372.35,3,12.47,5500,0,04-FEB-2016,
FUTSTK,TATACOMM,31-Mar-2016,0,XX,376.5,382.75,376.3,378.8,381.9,6,25.01,6600,1100,05-FEB-2016,
FUTSTK,TATACOMM,31-Mar-2016,0,XX,0,0,0,378.8,387.55,0,0,6600,0,08-FEB-2016,
FUTSTK,TATACOMM,31-Mar-2016,0,XX,381.75,383,381.75,382.95,386.35,3,12.62,9900,3300,09-FEB-2016,
FUTSTK,TATACOMM,31-Mar-2016,0,XX,377,377,372.7,372.7,376.05,3,12.35,12100,2200,10-FEB-2016,
FUTSTK,TATACOMM,31-Mar-2016,0,XX,378.25,380.85,360.05,360.05,364.1,14,57.12,18700,6600,11-FEB-2016,
FUTSTK,TATACOMM,31-Mar-2016,0,XX,349.7,360,340,359.5,359.5,13,50.34,24200,5500,12-FEB-2016,
FUTSTK,TATACOMM,31-Mar-2016,0,XX,370.45,373.05,362,362.05,362.05,25,101.61,49500,25300,15-FEB-2016,
FUTSTK,TATACOMM,31-Mar-2016,0,XX,362,362,353,356.8,356.2,11,43.05,58300,8800,16-FEB-2016,
FUTSTK,TATACOMM,31-Mar-2016,0,XX,352.15,353.7,345.8,353,352.15,13,50.06,68200,9900,17-FEB-2016,
FUTSTK,TATACOMM,31-Mar-2016,0,XX,354.5,354.5,341.8,345.05,345.05,137,520.44,167200,99000,18-FEB-2016,
FUTSTK,TATACOMM,31-Mar-2016,0,XX,341.45,349.35,339.15,347.05,347.05,381,1448.4,369600,202400,19-FEB-2016,
FUTSTK,TATACOMM,31-Mar-2016,0,XX,349,354.65,347.05,352.15,352.15,1134,4370.81,1452000,1082400,22-FEB-2016,
FUTSTK,TATACOMM,31-Mar-2016,0,XX,350.75,353.95,341.7,347.75,347.75,821,3130.29,2057000,605000,23-FEB-2016,
FUTSTK,TATACOMM,31-Mar-2016,0,XX,347.9,347.9,340.85,343.4,343.4,1444,5480.78,3223000,1166000,24-FEB-2016,
FUTSTK,TATACOMM,31-Mar-2016,0,XX,344.95,344.95,330.8,332.85,332.85,1902,7065.17,4447300,1224300,25-FEB-2016,
FUTSTK,TATACOMM,28-Apr-2016,0,XX,331.75,331.75,331.75,331.75,338.25,1,3.64,1100,1100,26-FEB-2016,
FUTSTK,TATACOMM,28-Apr-2016,0,XX,334.4,340,334.4,340,335.4,10,37.02,3300,2200,29-FEB-2016,
FUTSTK,TATACOMM,28-Apr-2016,0,XX,338.95,338.95,335.65,335.65,337.05,5,18.6,3300,0,01-MAR-2016,
FUTSTK,TATACOMM,28-Apr-2016,0,XX,332.05,332.05,332.05,332.05,345.15,1,3.65,4400,1100,02-MAR-2016,
FUTSTK,TATACOMM,28-Apr-2016,0,XX,350,352,350,352,361.2,2,7.72,5500,1100,03-MAR-2016,
FUTSTK,TATACOMM,28-Apr-2016,0,XX,0,0,0,352,358.15,0,0,5500,0,04-MAR-2016,
FUTSTK,TATACOMM,28-Apr-2016,0,XX,352,352,349.1,349.1,349.1,2,7.71,6600,1100,08-MAR-2016,
FUTSTK,TATACOMM,28-Apr-2016,0,XX,0,0,0,349.1,357.3,0,0,6600,0,09-MAR-2016,
FUTSTK,TATACOMM,28-Apr-2016,0,XX,360.15,360.15,360.15,360.15,360.15,1,3.96,7700,1100,10-MAR-2016,
FUTSTK,TATACOMM,28-Apr-2016,0,XX,362.6,362.6,358.75,358.75,358.75,3,11.92,8800,1100,11-MAR-2016,
FUTSTK,TATACOMM,28-Apr-2016,0,XX,0,0,0,358.75,363.9,1,3.94,8800,0,14-MAR-2016,
FUTSTK,TATACOMM,28-Apr-2016,0,XX,355.1,360.05,355.1,360.05,363.7,2,7.86,9900,1100,15-MAR-2016,
FUTSTK,TATACOMM,28-Apr-2016,0,XX,364.75,364.75,361.25,361.25,363.3,2,7.98,9900,0,16-MAR-2016,
FUTSTK,TATACOMM,28-Apr-2016,0,XX,367,368,365.45,366.95,364.95,15,60.58,24200,14300,17-MAR-2016,
FUTSTK,TATACOMM,28-Apr-2016,0,XX,370,370,365.95,369,369,9,36.46,23100,-1100,18-MAR-2016,
FUTSTK,TATACOMM,28-Apr-2016,0,XX,368,372,368,371.3,369.75,18,73.31,20900,-2200,21-MAR-2016,
FUTSTK,TATACOMM,28-Apr-2016,0,XX,366.3,368.25,366.3,367.6,369.4,12,48.55,22000,1100,22-MAR-2016,
FUTSTK,TATACOMM,28-Apr-2016,0,XX,372.1,387.5,371,377.75,377.75,359,1499.89,371800,349800,23-MAR-2016,
FUTSTK,TATACOMM,28-Apr-2016,0,XX,375.85,380,368.15,376.6,376.6,634,2592.83,900900,529100,28-MAR-2016,
FUTSTK,TATACOMM,28-Apr-2016,0,XX,368.2,374.95,364,372.25,372.25,996,4073.79,1804000,903100,29-MAR-2016,
FUTSTK,TATACOMM,28-Apr-2016,0,XX,373.8,385.85,373.1,384.6,384.6,988,4134.37,2286900,482900,30-MAR-2016,
FUTSTK,TATACOMM,28-Apr-2016,0,XX,386.65,390,376.6,379.75,379.75,2394,10117.78,3757600,1470700,31-MAR-2016,
FUTSTK,TATACOMM,26-May-2016,0,XX,0,0,0,380.7,388.85,0,0,1100,0,01-APR-2016,
FUTSTK,TATACOMM,26-May-2016,0,XX,0,0,0,380.7,390.6,0,0,1100,0,04-APR-2016,
FUTSTK,TATACOMM,26-May-2016,0,XX,0,0,0,380.7,389.2,0,0,1100,0,05-APR-2016,
FUTSTK,TATACOMM,26-May-2016,0,XX,0,0,0,380.7,392.2,0,0,1100,0,06-APR-2016,
FUTSTK,TATACOMM,26-May-2016,0,XX,392.1,392.1,392.1,392.1,384.6,1,4.31,1100,0,07-APR-2016,
FUTSTK,TATACOMM,26-May-2016,0,XX,0,0,0,392.1,388.25,0,0,1100,0,08-APR-2016,
FUTSTK,TATACOMM,26-May-2016,0,XX,393.05,393.05,393.05,393.05,391.9,2,8.64,3300,2200,11-APR-2016,
FUTSTK,TATACOMM,26-May-2016,0,XX,391.5,391.5,391.45,391.45,396.1,2,8.61,4400,1100,12-APR-2016,
FUTSTK,TATACOMM,26-May-2016,0,XX,400,406.5,400,406.5,406.5,6,26.62,9900,5500,13-APR-2016,
FUTSTK,TATACOMM,26-May-2016,0,XX,405.6,415.2,405.6,408,405.95,4,18.08,12100,2200,18-APR-2016,
FUTSTK,TATACOMM,26-May-2016,0,XX,407.5,419.5,407.5,418,418,23,104.78,25300,13200,20-APR-2016,
FUTSTK,TATACOMM,26-May-2016,0,XX,419,419,410.4,412.25,412.25,28,127.38,37400,12100,21-APR-2016,
FUTSTK,TATACOMM,26-May-2016,0,XX,415,419.55,410.1,412.15,412.15,374,1707.16,388300,350900,22-APR-2016,
FUTSTK,TATACOMM,26-May-2016,0,XX,412.85,421.75,408.6,419.2,419.2,704,3191.42,981200,592900,25-APR-2016,
FUTSTK,TATACOMM,26-May-2016,0,XX,419.5,425,415,422.25,422.25,1118,5183.57,1765500,784300,26-APR-2016,
FUTSTK,TATACOMM,26-May-2016,0,XX,418.85,427.75,418.3,423.4,423.4,1721,7992.28,2742300,976800,27-APR-2016,
FUTSTK,TATACOMM,26-May-2016,0,XX,423.3,426.45,412.5,414.1,414.1,1240,5692.06,3345100,602800,28-APR-2016,
FUTSTK,TATACOMM,30-Jun-2016,0,XX,0,0,0,385.35,418.4,0,0,0,0,29-APR-2016,
FUTSTK,TATACOMM,30-Jun-2016,0,XX,0,0,0,385.35,424.8,0,0,0,0,02-MAY-2016,
FUTSTK,TATACOMM,30-Jun-2016,0,XX,0,0,0,385.35,430.4,0,0,0,0,03-MAY-2016,
FUTSTK,TATACOMM,30-Jun-2016,0,XX,427.65,427.65,427.65,427.65,430.8,1,4.7,1100,1100,04-MAY-2016,
FUTSTK,TATACOMM,30-Jun-2016,0,XX,0,0,0,427.65,428.95,0,0,1100,0,05-MAY-2016,
FUTSTK,TATACOMM,30-Jun-2016,0,XX,0,0,0,427.65,428.15,0,0,1100,0,06-MAY-2016,
FUTSTK,TATACOMM,30-Jun-2016,0,XX,0,0,0,427.65,432.75,0,0,1100,0,09-MAY-2016,
FUTSTK,TATACOMM,30-Jun-2016,0,XX,428.45,428.45,428.45,428.45,441.65,1,4.71,2200,1100,10-MAY-2016,
FUTSTK,TATACOMM,30-Jun-2016,0,XX,440.2,440.25,440.2,440.25,434.45,2,9.68,3300,1100,11-MAY-2016,
FUTSTK,TATACOMM,30-Jun-2016,0,XX,0,0,0,440.25,439.55,0,0,3300,0,12-MAY-2016,
FUTSTK,TATACOMM,30-Jun-2016,0,XX,441.95,444.35,441.95,443.85,443.85,4,19.48,6600,3300,13-MAY-2016,
FUTSTK,TATACOMM,30-Jun-2016,0,XX,446,446,441.5,441.5,438.95,3,14.62,7700,1100,16-MAY-2016,
FUTSTK,TATACOMM,30-Jun-2016,0,XX,435,439.8,433,436.05,436.3,10,47.85,11000,3300,17-MAY-2016,
FUTSTK,TATACOMM,30-Jun-2016,0,XX,439.85,458.55,439.85,452.75,452.75,74,369.55,39600,28600,18-MAY-2016,
FUTSTK,TATACOMM,30-Jun-2016,0,XX,446,454,443,445.9,445.9,80,392.75,62700,23100,19-MAY-2016,
FUTSTK,TATACOMM,30-Jun-2016,0,XX,447.1,457.2,445.3,448.75,448.75,84,417.04,108900,46200,20-MAY-2016,
FUTSTK,TATACOMM,30-Jun-2016,0,XX,455.95,456,447.5,453.25,453.25,558,2777.02,477400,368500,23-MAY-2016,
FUTSTK,TATACOMM,30-Jun-2016,0,XX,454.3,454.85,445,450.4,450.4,834,4124.53,1034000,556600,24-MAY-2016,
FUTSTK,TATACOMM,30-Jun-2016,0,XX,452.6,467.75,450.25,461.6,461.6,2197,11053.89,2664200,1630200,25-MAY-2016,
FUTSTK,TATACOMM,30-Jun-2016,0,XX,460,466,459.05,461.35,461.35,1431,7277.97,3280200,616000,26-MAY-2016,
FUTSTK,TATACOMM,28-Jul-2016,0,XX,0,0,0,462,465.1,0,0,1400,0,27-MAY-2016,
FUTSTK,TATACOMM,28-Jul-2016,0,XX,468,468,468,468,478.5,1,6.55,1400,0,30-MAY-2016,
FUTSTK,TATACOMM,28-Jul-2016,0,XX,470.15,470.15,470.15,470.15,462.55,1,6.58,2800,1400,31-MAY-2016,
FUTSTK,TATACOMM,28-Jul-2016,0,XX,447,452.55,447,452.55,451.5,2,12.59,5600,2800,01-JUN-2016,
FUTSTK,TATACOMM,28-Jul-2016,0,XX,445.45,449.05,445.45,449.05,449.05,3,18.78,7000,1400,02-JUN-2016,
FUTSTK,TATACOMM,28-Jul-2016,0,XX,0,0,0,449.05,446.6,0,0,7000,0,03-JUN-2016,
FUTSTK,TATACOMM,28-Jul-2016,0,XX,0,0,0,449.05,443.7,0,0,7000,0,06-JUN-2016,
FUTSTK,TATACOMM,28-Jul-2016,0,XX,452,452,452,452,456.7,1,6.32,7000,0,07-JUN-2016,
FUTSTK,TATACOMM,28-Jul-2016,0,XX,458,458,458,458,456.8,1,6.41,7000,0,08-JUN-2016,
FUTSTK,TATACOMM,28-Jul-2016,0,XX,451.35,451.35,451.35,451.35,452.3,1,6.31,7000,0,09-JUN-2016,
FUTSTK,TATACOMM,28-Jul-2016,0,XX,447,447,447,447,449.6,1,6.25,8400,1400,10-JUN-2016,
FUTSTK,TATACOMM,28-Jul-2016,0,XX,0,0,0,447,442.6,0,0,8400,0,13-JUN-2016,
FUTSTK,TATACOMM,28-Jul-2016,0,XX,440.05,440.9,439.5,439.5,443.95,6,36.96,11200,2800,14-JUN-2016,
FUTSTK,TATACOMM,28-Jul-2016,0,XX,448.45,453,448,452.5,452.5,6,37.79,11200,0,15-JUN-2016,
FUTSTK,TATACOMM,28-Jul-2016,0,XX,451.25,452.65,446,446,446.75,9,56.6,15400,4200,16-JUN-2016,
FUTSTK,TATACOMM,28-Jul-2016,0,XX,448,450,448,449,449,3,18.84,15400,0,17-JUN-2016,
FUTSTK,TATACOMM,28-Jul-2016,0,XX,446.5,457.95,446.5,457.8,457.8,9,57.05,16800,1400,20-JUN-2016,
FUTSTK,TATACOMM,28-Jul-2016,0,XX,458.95,462,457.5,458.6,461.6,17,109.31,18200,1400,21-JUN-2016,
FUTSTK,TATACOMM,28-Jul-2016,0,XX,461,461,453,457.05,457.05,9,57.49,25200,7000,22-JUN-2016,
FUTSTK,TATACOMM,28-Jul-2016,0,XX,456.3,457.95,456.3,457.95,457.95,2,12.79,26600,1400,23-JUN-2016,
FUTSTK,TATACOMM,28-Jul-2016,0,XX,430.1,450.95,429.95,449.35,449.35,88,541.5,58800,32200,24-JUN-2016,
FUTSTK,TATACOMM,28-Jul-2016,0,XX,440.8,455.25,440.8,453,453,406,2561.52,256200,197400,27-JUN-2016,
FUTSTK,TATACOMM,28-Jul-2016,0,XX,482.85,487.05,459.3,463.45,463.45,1521,10046.22,1218000,961800,28-JUN-2016,
FUTSTK,TATACOMM,28-Jul-2016,0,XX,465,475.95,461.05,474.35,474.35,1430,9381.61,1799000,581000,29-JUN-2016,
FUTSTK,TATACOMM,28-Jul-2016,0,XX,475.45,490.8,475.1,482.45,482.45,1490,10089.42,2475200,676200,30-JUN-2016,
FUTSTK,TATACOMM,25-Aug-2016,0,XX,0,0,0,482.2,484.1,0,0,205800,0,01-JUL-2016,
FUTSTK,TATACOMM,25-Aug-2016,0,XX,494.1,494.1,494.1,494.1,492.2,1,6.91,205800,0,04-JUL-2016,
FUTSTK,TATACOMM,25-Aug-2016,0,XX,485.15,495,485.15,494.7,493.7,6,41.12,208600,2800,05-JUL-2016,
FUTSTK,TATACOMM,25-Aug-2016,0,XX,497.05,497.75,492.4,492.4,486.45,6,41.58,214200,5600,07-JUL-2016,
FUTSTK,TATACOMM,25-Aug-2016,0,XX,478.3,483.2,475.7,479.75,483.6,15,100.5,222600,8400,08-JUL-2016,
FUTSTK,TATACOMM,25-Aug-2016,0,XX,484,484,484,484,489.2,1,6.77,221200,-1400,11-JUL-2016,
FUTSTK,TATACOMM,25-Aug-2016,0,XX,484.35,485.25,484.35,485.25,490.6,3,20.35,224000,2800,12-JUL-2016,
FUTSTK,TATACOMM,25-Aug-2016,0,XX,482.8,482.8,472.6,475.05,477,9,60.37,233800,9800,13-JUL-2016,
FUTSTK,TATACOMM,25-Aug-2016,0,XX,478.95,478.95,462,462,462,10,65.17,243600,9800,14-JUL-2016,
FUTSTK,TATACOMM,25-Aug-2016,0,XX,464.95,469,464.2,465.05,465.05,9,58.69,243600,0,15-JUL-2016,
FUTSTK,TATACOMM,25-Aug-2016,0,XX,465.35,467.75,465.3,465.3,461.45,6,39.15,246400,2800,18-JUL-2016,
FUTSTK,TATACOMM,25-Aug-2016,0,XX,458.9,463.9,458.9,462.9,462.9,11,71.12,246400,0,19-JUL-2016,
FUTSTK,TATACOMM,25-Aug-2016,0,XX,462.05,467.15,461.95,467.1,467.1,10,65.09,247800,1400,20-JUL-2016,
FUTSTK,TATACOMM,25-Aug-2016,0,XX,471.95,472.7,457.5,459.25,459.25,71,459.62,284200,36400,21-JUL-2016,
FUTSTK,TATACOMM,25-Aug-2016,0,XX,457.5,466,456.1,464.75,464.75,142,916.55,382200,98000,22-JUL-2016,
FUTSTK,TATACOMM,25-Aug-2016,0,XX,462.9,469.65,461.3,467.45,467.45,418,2720.48,730800,348600,25-JUL-2016,
FUTSTK,TATACOMM,25-Aug-2016,0,XX,464.2,471,460.25,462.45,462.45,368,2405.68,992600,261800,26-JUL-2016,
FUTSTK,TATACOMM,25-Aug-2016,0,XX,461.1,466,455.9,456.6,456.6,1196,7708.07,1986600,994000,27-JUL-2016,
FUTSTK,TATACOMM,25-Aug-2016,0,XX,455.45,457.15,447,448.75,448.75,1822,11523.96,3306800,1320200,28-JUL-2016,
FUTSTK,TATACOMM,29-Sep-2016,0,XX,446.45,446.5,446.45,446.5,446.5,4,25,8400,5600,29-JUL-2016,
FUTSTK,TATACOMM,29-Sep-2016,0,XX,0,0,0,446.5,438.7,0,0,8400,0,01-AUG-2016,
FUTSTK,TATACOMM,29-Sep-2016,0,XX,450.35,477.15,450.35,465.85,465.85,24,155.63,9800,1400,02-AUG-2016,
FUTSTK,TATACOMM,29-Sep-2016,0,XX,455.1,455.1,455.1,455.1,455.1,1,6.37,8400,-1400,03-AUG-2016,
FUTSTK,TATACOMM,29-Sep-2016,0,XX,452.05,452.05,447.75,447.75,453.2,6,37.71,7000,-1400,04-AUG-2016,
FUTSTK,TATACOMM,29-Sep-2016,0,XX,0,0,0,447.75,456.6,0,0,7000,0,05-AUG-2016,
FUTSTK,TATACOMM,29-Sep-2016,0,XX,0,0,0,447.75,470.55,0,0,7000,0,08-AUG-2016,
FUTSTK,TATACOMM,29-Sep-2016,0,XX,0,0,0,447.75,461.2,0,0,7000,0,09-AUG-2016,
FUTSTK,TATACOMM,29-Sep-2016,0,XX,455,498.5,455,498.5,498.5,4,26.28,9800,2800,10-AUG-2016,
FUTSTK,TATACOMM,29-Sep-2016,0,XX,499.95,511,478.85,484,486,35,242.85,16800,7000,11-AUG-2016,
FUTSTK,TATACOMM,29-Sep-2016,0,XX,477.6,491.1,477.6,484.15,484.15,18,122.64,22400,5600,12-AUG-2016,
FUTSTK,TATACOMM,29-Sep-2016,0,XX,483.5,489,478.1,484.1,484.1,13,87.95,16800,-5600,16-AUG-2016,
FUTSTK,TATACOMM,29-Sep-2016,0,XX,492,500,491.35,495,495,98,681.43,93800,77000,17-AUG-2016,
FUTSTK,TATACOMM,29-Sep-2016,0,XX,495,504.95,493.35,497.3,497.3,85,591.93,138600,44800,18-AUG-2016,
FUTSTK,TATACOMM,29-Sep-2016,0,XX,497.55,512.8,497.15,509.6,509.6,146,1036.6,107800,-30800,19-AUG-2016,
FUTSTK,TATACOMM,29-Sep-2016,0,XX,507,516.55,501.9,503.55,503.55,1012,7233.14,1328600,1220800,22-AUG-2016,
FUTSTK,TATACOMM,29-Sep-2016,0,XX,502.2,510.3,498.45,503.75,503.75,1373,9702.65,2795800,1467200,23-AUG-2016,
FUTSTK,TATACOMM,29-Sep-2016,0,XX,503.5,512.95,503.5,508.85,508.85,1369,9744.39,3887800,1092000,24-AUG-2016,
FUTSTK,TATACOMM,29-Sep-2016,0,XX,510.15,515.1,505.15,507.05,507.05,1691,12078.99,5009200,1121400,25-AUG-2016,
FUTSTK,TATACOMM,27-Oct-2016,0,XX,514.85,526.75,511.7,526.75,530.75,7,50.74,14000,7000,26-AUG-2016,
FUTSTK,TATACOMM,27-Oct-2016,0,XX,528.2,538,524.55,537.4,532.85,7,52.03,19600,5600,29-AUG-2016,
FUTSTK,TATACOMM,27-Oct-2016,0,XX,533.6,533.6,530.8,531.2,531.2,4,29.78,16800,-2800,30-AUG-2016,
FUTSTK,TATACOMM,27-Oct-2016,0,XX,533.1,539.4,530.05,533.55,533.55,11,82.1,23800,7000,31-AUG-2016,
FUTSTK,TATACOMM,27-Oct-2016,0,XX,540,540,512.05,517.1,517.1,28,203.71,29400,5600,01-SEP-2016,
FUTSTK,TATACOMM,27-Oct-2016,0,XX,519.05,523.35,519,523.35,522.7,7,51.07,30800,1400,02-SEP-2016,
FUTSTK,TATACOMM,27-Oct-2016,0,XX,528.05,528.05,525,527.1,527.1,10,73.69,32200,1400,06-SEP-2016,
FUTSTK,TATACOMM,27-Oct-2016,0,XX,530,530,530,530,524.35,1,7.42,33600,1400,07-SEP-2016,
FUTSTK,TATACOMM,27-Oct-2016,0,XX,531.65,531.65,531.65,531.65,531.65,1,7.44,35000,1400,08-SEP-2016,
FUTSTK,TATACOMM,27-Oct-2016,0,XX,528.85,528.85,515.25,516.05,516.05,8,58.15,33600,-1400,09-SEP-2016,
FUTSTK,TATACOMM,27-Oct-2016,0,XX,500.05,505,499,499.5,499.5,10,70.06,30800,-2800,12-SEP-2016,
FUTSTK,TATACOMM,27-Oct-2016,0,XX,511.25,511.25,510.45,510.45,509.4,2,14.3,29400,-1400,14-SEP-2016,
FUTSTK,TATACOMM,27-Oct-2016,0,XX,506.5,506.5,506.5,506.5,505.9,1,7.09,29400,0,15-SEP-2016,
FUTSTK,TATACOMM,27-Oct-2016,0,XX,512,514.75,504.05,504.1,504.1,17,120.88,33600,4200,16-SEP-2016,
FUTSTK,TATACOMM,27-Oct-2016,0,XX,510,530.1,510,527.25,527.25,47,346.66,26600,-7000,19-SEP-2016,
FUTSTK,TATACOMM,27-Oct-2016,0,XX,525.25,537.35,524,530.4,530.4,101,751.77,88200,61600,20-SEP-2016,
FUTSTK,TATACOMM,27-Oct-2016,0,XX,532.95,536,528.3,530.6,530.6,37,275.61,100800,12600,21-SEP-2016,
FUTSTK,TATACOMM,27-Oct-2016,0,XX,536.25,548.8,534.05,538.55,538.55,166,1260.49,159600,58800,22-SEP-2016,
FUTSTK,TATACOMM,27-Oct-2016,0,XX,544.55,548,535,536.6,536.6,232,1760.53,345800,186200,23-SEP-2016,
FUTSTK,TATACOMM,27-Oct-2016,0,XX,531.4,541.8,525,529.6,529.6,848,6340.62,1183000,837200,26-SEP-2016,
FUTSTK,TATACOMM,27-Oct-2016,0,XX,531,535,527.55,528.25,528.25,1576,11685.94,2788800,1605800,27-SEP-2016,
FUTSTK,TATACOMM,27-Oct-2016,0,XX,530,549,526.7,546.65,546.65,2704,20442.51,4866400,2077600,28-SEP-2016,
FUTSTK,TATACOMM,27-Oct-2016,0,XX,549.75,551.9,514,516.3,516.3,2262,16915.5,5299000,432600,29-SEP-2016,
FUTSTK,TATACOMM,24-Nov-2016,0,XX,521.6,571.8,521.6,569.5,569.5,41,320.05,23800,16800,30-SEP-2016,
FUTSTK,TATACOMM,24-Nov-2016,0,XX,569.1,582.5,563,576.2,576.2,24,191.68,22400,-1400,03-OCT-2016,
FUTSTK,TATACOMM,24-Nov-2016,0,XX,583.65,586.8,575.9,575.9,580.25,8,65.23,23800,1400,04-OCT-2016,
FUTSTK,TATACOMM,24-Nov-2016,0,XX,589,630.7,586,616.65,616.65,60,508.08,29400,5600,05-OCT-2016,
FUTSTK,TATACOMM,24-Nov-2016,0,XX,617.25,623,607.8,607.85,615.55,19,163.55,22400,-7000,06-OCT-2016,
FUTSTK,TATACOMM,24-Nov-2016,0,XX,623,623,610,617.6,617.6,18,155.48,22400,0,07-OCT-2016,
FUTSTK,TATACOMM,24-Nov-2016,0,XX,630,653,629.8,650.2,650.2,57,515,29400,7000,10-OCT-2016,
FUTSTK,TATACOMM,24-Nov-2016,0,XX,653,658,639,656.5,656.5,20,181.52,36400,7000,13-OCT-2016,
FUTSTK,TATACOMM,24-Nov-2016,0,XX,670.15,670.15,650,657.85,657.85,15,138.14,39200,2800,14-OCT-2016,
FUTSTK,TATACOMM,24-Nov-2016,0,XX,664,671,637.8,643.55,643.55,116,1068.02,60200,21000,17-OCT-2016,
FUTSTK,TATACOMM,24-Nov-2016,0,XX,645.5,652.5,638.15,642.75,642.75,46,415.82,61600,1400,18-OCT-2016,
FUTSTK,TATACOMM,24-Nov-2016,0,XX,646.95,658.5,646.95,652.6,652.6,64,585.81,65800,4200,19-OCT-2016,
FUTSTK,TATACOMM,24-Nov-2016,0,XX,656.15,661.05,642.7,645.3,645.3,75,685.97,78400,12600,20-OCT-2016,
FUTSTK,TATACOMM,24-Nov-2016,0,XX,648.4,688,645.05,684.25,684.25,507,4755.22,385000,306600,21-OCT-2016,
FUTSTK,TATACOMM,24-Nov-2016,0,XX,685.6,691,671.5,674.15,674.15,1117,10623.72,1100400,715400,24-OCT-2016,
FUTSTK,TATACOMM,24-Nov-2016,0,XX,651.25,663,645.4,656.6,656.6,1907,17518.64,2517200,1416800,25-OCT-2016,
FUTSTK,TATACOMM,24-Nov-2016,0,XX,647.8,661.1,625.15,639.9,639.9,2362,21480.86,3535000,1017800,26-OCT-2016,
FUTSTK,TATACOMM,24-Nov-2016,0,XX,617.55,638.35,609.9,632.5,632.5,5246,46213.97,6080200,2545200,27-OCT-2016,
FUTSTK,TATACOMM,29-Dec-2016,0,XX,0,0,0,637,642.6,0,0,2800,0,28-OCT-2016,
FUTSTK,TATACOMM,29-Dec-2016,0,XX,655.6,657,650,650,651,8,73.21,8400,5600,01-NOV-2016,
FUTSTK,TATACOMM,29-Dec-2016,0,XX,0,0,0,650,632.2,0,0,8400,0,02-NOV-2016,
FUTSTK,TATACOMM,29-Dec-2016,0,XX,629.65,630,601.5,616,616,8,69.32,8400,0,03-NOV-2016,
FUTSTK,TATACOMM,29-Dec-2016,0,XX,612.95,640.65,612.95,638.9,626.55,7,61.38,12600,4200,04-NOV-2016,
FUTSTK,TATACOMM,29-Dec-2016,0,XX,626,626,611.8,613.25,613.25,9,77.98,12600,0,07-NOV-2016,
FUTSTK,TATACOMM,29-Dec-2016,0,XX,611.8,621.1,611.8,617.55,617.55,15,129.63,23800,11200,08-NOV-2016,
FUTSTK,TATACOMM,29-Dec-2016,0,XX,581.1,606,576.45,600.8,611.1,13,107.26,28000,4200,09-NOV-2016,
FUTSTK,TATACOMM,29-Dec-2016,0,XX,623.9,641.9,623.9,639.1,639.1,11,98.02,28000,0,10-NOV-2016,
FUTSTK,TATACOMM,29-Dec-2016,0,XX,620,620.35,620,620.35,620.35,3,26.04,29400,1400,11-NOV-2016,
FUTSTK,TATACOMM,29-Dec-2016,0,XX,631.6,631.6,602.25,605.15,605.15,71,607.67,42000,12600,15-NOV-2016,
FUTSTK,TATACOMM,29-Dec-2016,0,XX,620,624.75,602,609.15,609.15,44,376.87,39200,-2800,16-NOV-2016,
FUTSTK,TATACOMM,29-Dec-2016,0,XX,618,622,604,607.35,607.35,55,471.69,39200,0,17-NOV-2016,
FUTSTK,TATACOMM,29-Dec-2016,0,XX,608.45,616.65,604,613.95,613.95,63,538.5,57400,18200,18-NOV-2016,
FUTSTK,TATACOMM,29-Dec-2016,0,XX,610,610,596.2,601.65,601.65,650,5473.29,792400,735000,21-NOV-2016,
FUTSTK,TATACOMM,29-Dec-2016,0,XX,609,636.6,606.7,630.8,630.8,825,7136.89,1467200,674800,22-NOV-2016,
FUTSTK,TATACOMM,29-Dec-2016,0,XX,634,646.05,632.25,638.7,638.7,1624,14538.92,2471000,1003800,23-NOV-2016,
FUTSTK,TATACOMM,29-Dec-2016,0,XX,632.6,645.2,632.55,636.95,636.95,2496,22308.1,4494000,2023000,24-NOV-2016,
FUTSTK,TATACOMM,25-Jan-2017,0,XX,645,645,645,645,644.75,1,9.03,8400,1400,25-NOV-2016,
FUTSTK,TATACOMM,25-Jan-2017,0,XX,647.3,664,647.3,664,664,6,54.67,11200,2800,28-NOV-2016,
FUTSTK,TATACOMM,25-Jan-2017,0,XX,663,663,652.5,652.5,652.5,2,18.41,8400,-2800,29-NOV-2016,
FUTSTK,TATACOMM,25-Jan-2017,0,XX,663.9,668.45,663.9,668.45,664.4,3,27.96,8400,0,30-NOV-2016,
FUTSTK,TATACOMM,25-Jan-2017,0,XX,669.85,678.2,662.35,663.95,671.85,13,121.91,16800,8400,01-DEC-2016,
FUTSTK,TATACOMM,25-Jan-2017,0,XX,660.35,660.35,635,635.2,635.2,9,81.07,11200,-5600,02-DEC-2016,
FUTSTK,TATACOMM,25-Jan-2017,0,XX,639.95,640,638,638,642.7,3,26.85,12600,1400,05-DEC-2016,
FUTSTK,TATACOMM,25-Jan-2017,0,XX,0,0,0,638,644.45,0,0,12600,0,06-DEC-2016,
FUTSTK,TATACOMM,25-Jan-2017,0,XX,643.35,643.35,638,642,642,4,35.85,12600,0,07-DEC-2016,
FUTSTK,TATACOMM,25-Jan-2017,0,XX,647,653.55,647,653.55,648.85,3,27.27,14000,1400,08-DEC-2016,
FUTSTK,TATACOMM,25-Jan-2017,0,XX,0,0,0,653.55,645.9,0,0,14000,0,09-DEC-2016,
FUTSTK,TATACOMM,25-Jan-2017,0,XX,643.2,643.25,627.9,627.9,629.9,9,79.87,18200,4200,12-DEC-2016,
FUTSTK,TATACOMM,25-Jan-2017,0,XX,639,639,634.75,635,635,3,26.72,18200,0,13-DEC-2016,
FUTSTK,TATACOMM,25-Jan-2017,0,XX,637.35,637.55,622.5,622.5,624.65,17,149.94,14000,-4200,14-DEC-2016,
FUTSTK,TATACOMM,25-Jan-2017,0,XX,628,637.95,626.35,635.1,636.1,4,35.38,12600,-1400,15-DEC-2016,
FUTSTK,TATACOMM,25-Jan-2017,0,XX,647.6,668,647.6,652.4,652.4,30,275.69,22400,9800,16-DEC-2016,
FUTSTK,TATACOMM,25-Jan-2017,0,XX,644,650,644,650,648.6,12,108.92,25200,2800,19-DEC-2016,
FUTSTK,TATACOMM,25-Jan-2017,0,XX,647,647,632,633.8,633.8,30,267.15,30800,5600,20-DEC-2016,
FUTSTK,TATACOMM,25-Jan-2017,0,XX,638,642.5,633,635.95,635.95,22,196.42,43400,12600,21-DEC-2016,
FUTSTK,TATACOMM,25-Jan-2017,0,XX,635,639,624.45,632.7,632.7,195,1714.5,275800,232400,22-DEC-2016,
FUTSTK,TATACOMM,25-Jan-2017,0,XX,635.4,638.1,617.5,627.25,627.25,396,3487.68,467600,191800,23-DEC-2016,
FUTSTK,TATACOMM,25-Jan-2017,0,XX,626.2,632.5,601.15,606.35,606.35,1064,9239.78,1433600,966000,26-DEC-2016,
FUTSTK,TATACOMM,25-Jan-2017,0,XX,612,623.85,598.8,621.8,621.8,1006,8594.48,2272200,838600,27-DEC-2016,
FUTSTK,TATACOMM,25-Jan-2017,0,XX,624.95,628,607.7,609.3,609.3,1956,16977.92,3753400,1481200,28-DEC-2016,
FUTSTK,TATACOMM,25-Jan-2017,0,XX,606.85,621.95,600.6,619.45,619.45,1714,14685.27,4796400,1043000,29-DEC-2016,
FUTSTK,TATACOMM,23-Feb-2017,0,XX,632.95,633,632.95,633,633,4,35.44,12600,4200,30-DEC-2016,
FUTSTK,TATACOMM,23-Feb-2017,0,XX,625,625,625,625,635.1,1,8.75,12600,0,02-JAN-2017,
FUTSTK,TATACOMM,23-Feb-2017,0,XX,0,0,0,625,631.35,0,0,12600,0,03-JAN-2017,
FUTSTK,TATACOMM,23-Feb-2017,0,XX,631.5,635.95,630.85,635.85,631.3,8,70.88,14000,1400,04-JAN-2017,
FUTSTK,TATACOMM,23-Feb-2017,0,XX,636,636,636,636,636,1,8.9,15400,1400,05-JAN-2017,
FUTSTK,TATACOMM,23-Feb-2017,0,XX,638,638,638,638,639.15,1,8.93,15400,0,06-JAN-2017,
FUTSTK,TATACOMM,23-Feb-2017,0,XX,636.3,636.3,635.5,635.55,635.55,6,53.4,21000,5600,09-JAN-2017,
FUTSTK,TATACOMM,23-Feb-2017,0,XX,635.55,640.5,633,636.7,636.7,19,169.35,15400,-5600,10-JAN-2017,
FUTSTK,TATACOMM,23-Feb-2017,0,XX,636,639.5,636,639.5,639.05,3,26.81,14000,-1400,11-JAN-2017,
FUTSTK,TATACOMM,23-Feb-2017,0,XX,642.75,676.75,642.75,675.95,675.95,14,130.63,16800,2800,12-JAN-2017,
FUTSTK,TATACOMM,23-Feb-2017,0,XX,682,682.4,673.25,677.75,677.75,49,464.91,51800,35000,13-JAN-2017,
FUTSTK,TATACOMM,23-Feb-2017,0,XX,672,688.25,672,679.85,679.85,31,295.56,67200,15400,16-JAN-2017,
FUTSTK,TATACOMM,23-Feb-2017,0,XX,680.85,684.15,671.25,674.1,674.1,29,274.94,86800,19600,17-JAN-2017,
FUTSTK,TATACOMM,23-Feb-2017,0,XX,679.5,688.95,675,677.2,677.2,83,792.6,131600,44800,18-JAN-2017,
FUTSTK,TATACOMM,23-Feb-2017,0,XX,685.95,700.5,685.95,690.5,690.5,449,4362.96,446600,315000,19-JAN-2017,
FUTSTK,TATACOMM,23-Feb-2017,0,XX,688.4,695,671.45,676.45,676.45,531,5070.38,747600,301000,20-JAN-2017,
FUTSTK,TATACOMM,23-Feb-2017,0,XX,688,688,668.05,678.2,678.2,1561,14794.04,2053800,1306200,23-JAN-2017,
FUTSTK,TATACOMM,23-Feb-2017,0,XX,677.5,717.5,670,713.15,713.15,3760,37158.26,3495800,1442000,24-JAN-2017,
FUTSTK,TATACOMM,23-Feb-2017,0,XX,715.1,722,709,718.8,718.8,3320,33289.68,5024600,1528800,25-JAN-2017,
FUTSTK,TATACOMM,30-Mar-2017,0,XX,732,732,730,730.45,730.45,4,40.92,5600,5600,27-JAN-2017,
FUTSTK,TATACOMM,30-Mar-2017,0,XX,746.55,754.5,729.65,732.95,732.95,37,382.66,16800,11200,30-JAN-2017,
FUTSTK,TATACOMM,30-Mar-2017,0,XX,722,722,712.5,713.25,713.25,11,110.09,23800,7000,31-JAN-2017,
FUTSTK,TATACOMM,30-Mar-2017,0,XX,726.75,728.9,723.3,723.3,729.25,11,111.73,25200,1400,01-FEB-2017,
FUTSTK,TATACOMM,30-Mar-2017,0,XX,747.05,777.7,747.05,770,763.8,53,565.26,32200,7000,02-FEB-2017,
FUTSTK,TATACOMM,30-Mar-2017,0,XX,757.6,758.9,757.6,758.85,756.7,4,42.47,32200,0,03-FEB-2017,
FUTSTK,TATACOMM,30-Mar-2017,0,XX,755.4,762.95,755,759.95,759.95,10,106.11,39200,7000,06-FEB-2017,
FUTSTK,TATACOMM,30-Mar-2017,0,XX,759,767.75,752.85,752.9,752.9,15,159.44,40600,1400,07-FEB-2017,
FUTSTK,TATACOMM,30-Mar-2017,0,XX,756.05,763.6,756,763.3,767.9,14,148.93,43400,2800,08-FEB-2017,
FUTSTK,TATACOMM,30-Mar-2017,0,XX,774,786.8,774,780.5,780.5,14,153.21,46200,2800,09-FEB-2017,
FUTSTK,TATACOMM,30-Mar-2017,0,XX,773.75,773.75,757,757.85,757.85,39,416.55,56000,9800,10-FEB-2017,
FUTSTK,TATACOMM,30-Mar-2017,0,XX,766.5,766.55,740,750.05,750.05,47,491.91,81200,25200,13-FEB-2017,
FUTSTK,TATACOMM,30-Mar-2017,0,XX,740.8,752.5,735.4,749.55,749.55,62,644.24,102200,21000,14-FEB-2017,
FUTSTK,TATACOMM,30-Mar-2017,0,XX,749.7,749.7,730,733.15,733.15,51,526.1,113400,11200,15-FEB-2017,
FUTSTK,TATACOMM,30-Mar-2017,0,XX,734.1,749.2,734,747.35,747.35,82,850.97,159600,46200,16-FEB-2017,
FUTSTK,TATACOMM,30-Mar-2017,0,XX,748.25,761,740.85,757.5,757.5,171,1806.78,207200,47600,17-FEB-2017,
FUTSTK,TATACOMM,30-Mar-2017,0,XX,756.1,765.35,751,755.55,755.55,698,7387.28,828800,621600,20-FEB-2017,
FUTSTK,TATACOMM,30-Mar-2017,0,XX,756.8,761.1,751,755.55,755.55,1048,11077.17,1891400,1062600,21-FEB-2017,
FUTSTK,TATACOMM,30-Mar-2017,0,XX,756.05,762.75,741.6,745.5,745.5,1875,19791.32,3257800,1366400,22-FEB-2017,
FUTSTK,TATACOMM,30-Mar-2017,0,XX,747.45,758.05,742.7,746.6,746.6,3447,36121.84,5632200,2374400,23-FEB-2017,
FUTSTK,TATACOMM,27-Apr-2017,0,XX,745,745,739.35,739.35,736.65,5,51.9,8400,7000,27-FEB-2017,
FUTSTK,TATACOMM,27-Apr-2017,0,XX,740,756.3,740,747.05,744.85,35,365.85,19600,11200,28-FEB-2017,
FUTSTK,TATACOMM,27-Apr-2017,0,XX,751.95,752,751.95,752,752,3,31.58,18200,-1400,01-MAR-2017,
FUTSTK,TATACOMM,27-Apr-2017,0,XX,743,743,743,743,740.3,1,10.4,16800,-1400,02-MAR-2017,
FUTSTK,TATACOMM,27-Apr-2017,0,XX,740,746.6,740,746.6,751.7,3,31.21,16800,0,03-MAR-2017,
FUTSTK,TATACOMM,27-Apr-2017,0,XX,0,0,0,746.6,766.75,0,0,16800,0,06-MAR-2017,
FUTSTK,TATACOMM,27-Apr-2017,0,XX,764.4,764.4,764.4,764.4,761,1,10.7,16800,0,07-MAR-2017,
FUTSTK,TATACOMM,27-Apr-2017,0,XX,754.65,754.65,754.65,754.65,754.65,1,10.56,16800,0,08-MAR-2017,
FUTSTK,TATACOMM,27-Apr-2017,0,XX,0,0,0,754.65,759.35,0,0,16800,0,09-MAR-2017,
FUTSTK,TATACOMM,27-Apr-2017,0,XX,0,0,0,754.65,758.3,0,0,16800,0,10-MAR-2017,
FUTSTK,TATACOMM,27-Apr-2017,0,XX,753.2,753.2,753.2,753.2,753.4,1,10.54,18200,1400,14-MAR-2017,
FUTSTK,TATACOMM,27-Apr-2017,0,XX,746,750,746,750,758.25,3,31.43,19600,1400,15-MAR-2017,
FUTSTK,TATACOMM,27-Apr-2017,0,XX,757.45,784.9,757.45,779.95,779.95,25,270.29,28000,8400,16-MAR-2017,
FUTSTK,TATACOMM,27-Apr-2017,0,XX,782,782,767.75,769.15,769.15,33,357.02,46200,18200,17-MAR-2017,
FUTSTK,TATACOMM,27-Apr-2017,0,XX,767,767,765.3,765.3,767.3,4,42.82,49000,2800,20-MAR-2017,
FUTSTK,TATACOMM,27-Apr-2017,0,XX,769.75,769.75,749.8,753.05,753.05,79,834.67,117600,68600,21-MAR-2017,
FUTSTK,TATACOMM,27-Apr-2017,0,XX,748.5,749,732.05,734.1,734.1,141,1460.52,226800,109200,22-MAR-2017,
FUTSTK,TATACOMM,27-Apr-2017,0,XX,734,741.6,732,739.75,739.75,380,3924.51,669200,442400,23-MAR-2017,
FUTSTK,TATACOMM,27-Apr-2017,0,XX,741,744.9,734,734.75,734.75,519,5364.32,1114400,445200,24-MAR-2017,
FUTSTK,TATACOMM,27-Apr-2017,0,XX,732,735.9,717.35,721.9,721.9,798,8084.53,1807400,693000,27-MAR-2017,
FUTSTK,TATACOMM,27-Apr-2017,0,XX,722.95,729.9,719.55,724.1,724.1,1040,10551.66,2770600,963200,28-MAR-2017,
FUTSTK,TATACOMM,27-Apr-2017,0,XX,728.1,729.4,721,726.8,726.8,1635,16587.69,4337200,1566600,29-MAR-2017,
FUTSTK,TATACOMM,27-Apr-2017,0,XX,726.4,728,716,718.6,718.6,2663,26902.39,6581400,2244200,30-MAR-2017,
FUTSTK,TATACOMM,25-May-2017,0,XX,732.05,732.05,732.05,732.05,732.05,1,10.24,2800,1400,31-MAR-2017,
FUTSTK,TATACOMM,25-May-2017,0,XX,736,739,736,739,739,6,61.88,8400,5600,03-APR-2017,
FUTSTK,TATACOMM,25-May-2017,0,XX,0,0,0,739,734.3,0,0,8400,0,05-APR-2017,
FUTSTK,TATACOMM,25-May-2017,0,XX,0,0,0,739,725.6,0,0,8400,0,06-APR-2017,
FUTSTK,TATACOMM,25-May-2017,0,XX,718.05,718.05,718,718.05,718.05,5,50.26,15400,7000,07-APR-2017,
FUTSTK,TATACOMM,25-May-2017,0,XX,712.75,717,712.75,717,710.55,2,20.01,15400,0,10-APR-2017,
FUTSTK,TATACOMM,25-May-2017,0,XX,0,0,0,717,719.4,0,0,15400,0,11-APR-2017,
FUTSTK,TATACOMM,25-May-2017,0,XX,724.95,724.95,715,717,717,5,50.29,22400,7000,12-APR-2017,
FUTSTK,TATACOMM,25-May-2017,0,XX,720,722.5,720,721.05,716.25,4,40.37,23800,1400,13-APR-2017,
FUTSTK,TATACOMM,25-May-2017,0,XX,713.8,718.7,711.45,717.45,717.45,11,110.16,26600,2800,17-APR-2017,
FUTSTK,TATACOMM,25-May-2017,0,XX,716.6,735.8,716.6,717.6,717.6,69,702.15,56000,29400,18-APR-2017,
FUTSTK,TATACOMM,25-May-2017,0,XX,719,723.7,715.65,717.55,717.55,172,1728.55,254800,198800,19-APR-2017,
FUTSTK,TATACOMM,25-May-2017,0,XX,715.85,730.9,710.6,719.35,719.35,287,2886.78,481600,226800,20-APR-2017,
FUTSTK,TATACOMM,25-May-2017,0,XX,720.25,722,709.05,711.35,711.35,374,3735.56,813400,331800,21-APR-2017,
FUTSTK,TATACOMM,25-May-2017,0,XX,709.85,715.6,695,713.85,713.85,1500,14839.23,1989400,1176000,24-APR-2017,
FUTSTK,TATACOMM,25-May-2017,0,XX,717.4,728.05,714.05,717.3,717.3,1493,15074.15,3154200,1164800,25-APR-2017,
FUTSTK,TATACOMM,25-May-2017,0,XX,718.95,731.85,716.15,721.25,721.25,2823,28583.56,5182800,2028600,26-APR-2017,
FUTSTK,TATACOMM,25-May-2017,0,XX,724.65,731,719.5,727.1,727.1,3271,33277.41,7658000,2475200,27-APR-2017,
FUTSTK,TATACOMM,29-Jun-2017,0,XX,0,0,0,725.8,729.1,0,0,0,0,28-APR-2017,
FUTSTK,TATACOMM,29-Jun-2017,0,XX,0,0,0,725.8,721.85,0,0,0,0,02-MAY-2017,
FUTSTK,TATACOMM,29-Jun-2017,0,XX,0,0,0,725.8,714.4,0,0,0,0,03-MAY-2017,
FUTSTK,TATACOMM,29-Jun-2017,0,XX,0,0,0,725.8,712.9,0,0,0,0,04-MAY-2017,
FUTSTK,TATACOMM,29-Jun-2017,0,XX,686,687.5,634.05,644.85,644.85,165,753.22,28000,28000,05-MAY-2017,
FUTSTK,TATACOMM,29-Jun-2017,0,XX,640,664.5,639.5,655.9,655.9,52,237.04,44100,16100,08-MAY-2017,
FUTSTK,TATACOMM,29-Jun-2017,0,XX,655,658.2,650,655.15,655.15,36,164.99,53900,9800,09-MAY-2017,
FUTSTK,TATACOMM,29-Jun-2017,0,XX,652,665,652,661.45,661.45,30,138.55,53900,0,10-MAY-2017,
FUTSTK,TATACOMM,29-Jun-2017,0,XX,660,669.2,660,667,672.2,6,27.95,51100,-2800,11-MAY-2017,
FUTSTK,TATACOMM,29-Jun-2017,0,XX,664,676.4,664,671.7,671.7,26,122.06,49000,-2100,12-MAY-2017,
FUTSTK,TATACOMM,29-Jun-2017,0,XX,682.4,688.05,680,686.95,686.95,38,181.68,53200,4200,15-MAY-2017,
FUTSTK,TATACOMM,29-Jun-2017,0,XX,695,695,682,682,682,52,249.88,74900,21700,16-MAY-2017,
FUTSTK,TATACOMM,29-Jun-2017,0,XX,680,680.25,674.1,675.85,675.85,79,374.81,112000,37100,17-MAY-2017,
FUTSTK,TATACOMM,29-Jun-2017,0,XX,665,689.8,665,674.2,674.2,184,870.61,164500,52500,18-MAY-2017,
FUTSTK,TATACOMM,29-Jun-2017,0,XX,672.4,681.15,661.5,676.2,676.2,792,3719.31,576800,412300,19-MAY-2017,
FUTSTK,TATACOMM,29-Jun-2017,0,XX,678.25,683.05,666.4,671.55,671.55,1395,6581.98,1379000,802200,22-MAY-2017,
FUTSTK,TATACOMM,29-Jun-2017,0,XX,663,675.5,647.5,670.15,670.15,2266,10508.43,2462600,1083600,23-MAY-2017,
FUTSTK,TATACOMM,29-Jun-2017,0,XX,668,675,642,649.55,649.55,3907,18089.11,4270700,1808100,24-MAY-2017,
FUTSTK,TATACOMM,29-Jun-2017,0,XX,648.55,664.95,648.55,656.8,656.8,5075,23421.34,5856200,1585500,25-MAY-2017,
FUTSTK,TATACOMM,27-Jul-2017,0,XX,0,0,0,657.45,663.15,0,0,16800,0,26-MAY-2017,
FUTSTK,TATACOMM,27-Jul-2017,0,XX,665.3,721.2,663.6,711,711,109,532.6,49700,32900,29-MAY-2017,
FUTSTK,TATACOMM,27-Jul-2017,0,XX,700.3,710.5,700.3,710.5,708.1,17,84.01,51100,1400,30-MAY-2017,
FUTSTK,TATACOMM,27-Jul-2017,0,XX,718.2,731,713.25,729.55,729.55,14,70.86,53900,2800,31-MAY-2017,
FUTSTK,TATACOMM,27-Jul-2017,0,XX,728.5,736.85,725.6,728.05,728.05,33,168.63,65100,11200,01-JUN-2017,
FUTSTK,TATACOMM,27-Jul-2017,0,XX,731.95,740,731.95,736.5,742.3,9,46.35,70000,4900,02-JUN-2017,
FUTSTK,TATACOMM,27-Jul-2017,0,XX,741.25,747.9,738.9,741.3,741.3,155,804.26,149800,79800,05-JUN-2017,
FUTSTK,TATACOMM,27-Jul-2017,0,XX,749.8,751.8,738,745.1,745.1,144,750.23,128800,-21000,06-JUN-2017,
FUTSTK,TATACOMM,27-Jul-2017,0,XX,741.4,768.95,722.1,730.65,730.65,91,475.23,132300,3500,07-JUN-2017,
FUTSTK,TATACOMM,27-Jul-2017,0,XX,721.85,740.5,720,736.65,745.7,26,133.94,136500,4200,08-JUN-2017,
FUTSTK,TATACOMM,27-Jul-2017,0,XX,736,771.8,736,760.75,760.75,522,2781.91,158900,22400,09-JUN-2017,
FUTSTK,TATACOMM,27-Jul-2017,0,XX,754.4,754.5,728,729.75,729.75,63,325.32,168700,9800,12-JUN-2017,
FUTSTK,TATACOMM,27-Jul-2017,0,XX,735.6,756.65,731.9,750.8,750.8,71,371.47,175000,6300,13-JUN-2017,
FUTSTK,TATACOMM,27-Jul-2017,0,XX,746.8,756.4,734.75,749,749,66,346.55,179200,4200,14-JUN-2017,
FUTSTK,TATACOMM,27-Jul-2017,0,XX,747.35,751.95,743,744.25,744.25,85,443.63,192500,13300,15-JUN-2017,
FUTSTK,TATACOMM,27-Jul-2017,0,XX,749.9,755,739.35,742.9,741.2,123,642.38,203700,11200,16-JUN-2017,
FUTSTK,TATACOMM,27-Jul-2017,0,XX,743.85,747.2,737.35,745.5,740.35,57,295.7,208600,4900,19-JUN-2017,
FUTSTK,TATACOMM,27-Jul-2017,0,XX,745,755.75,742.25,751.95,751.95,296,1554.31,312200,103600,20-JUN-2017,
FUTSTK,TATACOMM,27-Jul-2017,0,XX,756.75,766.5,753.75,760.95,760.95,622,3310.07,396900,84700,21-JUN-2017,
FUTSTK,TATACOMM,27-Jul-2017,0,XX,765.1,770.6,755,757.2,757.2,396,2113.76,549500,152600,22-JUN-2017,
FUTSTK,TATACOMM,27-Jul-2017,0,XX,757.15,760.9,715.05,728.15,728.15,1417,7235.03,1144500,595000,23-JUN-2017,
FUTSTK,TATACOMM,27-Jul-2017,0,XX,732.9,736.15,707.05,728.1,728.1,1969,9926.3,1866900,722400,27-JUN-2017,
FUTSTK,TATACOMM,27-Jul-2017,0,XX,722.05,729.95,716,724.45,724.45,5164,26141.96,4501700,2634800,28-JUN-2017,
FUTSTK,TATACOMM,27-Jul-2017,0,XX,725.15,732.5,712.65,718.3,718.3,7748,39226.25,7871500,3369800,29-JUN-2017,
FUTSTK,TATACOMM,31-Aug-2017,0,XX,720,730.95,720,730.95,731,2,10.15,16100,0,30-JUN-2017,
FUTSTK,TATACOMM,31-Aug-2017,0,XX,721,730,721,726.8,726.8,3,15.24,16100,0,03-JUL-2017,
FUTSTK,TATACOMM,31-Aug-2017,0,XX,723.1,723.1,698.15,698.15,698.15,14,69.59,19600,3500,04-JUL-2017,
FUTSTK,TATACOMM,31-Aug-2017,0,XX,694,694,682.45,685.1,685.1,30,144.69,26600,7000,05-JUL-2017,
FUTSTK,TATACOMM,31-Aug-2017,0,XX,685.45,687.5,676.85,679.2,679.2,50,238.47,38500,11900,06-JUL-2017,
FUTSTK,TATACOMM,31-Aug-2017,0,XX,677.3,678.05,673.8,675.25,675.25,9,42.61,35000,-3500,07-JUL-2017,
FUTSTK,TATACOMM,31-Aug-2017,0,XX,676.15,686.8,676.15,676.3,675.85,23,109.53,28000,-7000,10-JUL-2017,
FUTSTK,TATACOMM,31-Aug-2017,0,XX,674.05,675.8,660,659.8,659.8,31,144.76,30800,2800,11-JUL-2017,
FUTSTK,TATACOMM,31-Aug-2017,0,XX,660.65,675.85,660.65,675.85,675.85,24,112.19,29400,-1400,12-JUL-2017,
FUTSTK,TATACOMM,31-Aug-2017,0,XX,678.45,678.45,662,665.7,665.7,26,121.34,37100,7700,13-JUL-2017,
FUTSTK,TATACOMM,31-Aug-2017,0,XX,664.5,682.95,664.5,680.05,676.1,113,534.8,90300,53200,14-JUL-2017,
FUTSTK,TATACOMM,31-Aug-2017,0,XX,679.15,679.15,667.9,670,670,26,122.24,89600,-700,17-JUL-2017,
FUTSTK,TATACOMM,31-Aug-2017,0,XX,671.95,677.5,666.1,668.5,668.5,32,150.32,90300,700,18-JUL-2017,
FUTSTK,TATACOMM,31-Aug-2017,0,XX,675.95,683,675.8,681.45,681.45,161,764.82,144900,54600,19-JUL-2017,
FUTSTK,TATACOMM,31-Aug-2017,0,XX,677.15,678.2,671.55,672.3,672.3,70,330.76,164500,19600,20-JUL-2017,
FUTSTK,TATACOMM,31-Aug-2017,0,XX,668.2,677.1,655.55,660.3,660.3,502,2337.16,329000,164500,21-JUL-2017,
FUTSTK,TATACOMM,31-Aug-2017,0,XX,663.75,663.75,648.75,652.95,652.95,1330,6082.53,1012200,683200,24-JUL-2017,
FUTSTK,TATACOMM,31-Aug-2017,0,XX,659.65,683.75,654.95,676.65,676.65,4663,21995.15,3173100,2160900,25-JUL-2017,
FUTSTK,TATACOMM,31-Aug-2017,0,XX,687,688.8,674.5,679.5,679.5,8175,38961.61,8927100,3651200,27-JUL-2017,
FUTSTK,TATACOMM,28-Sep-2017,0,XX,692.65,692.65,687.2,687.2,681.9,7,33.73,18900,2100,28-JUL-2017,
FUTSTK,TATACOMM,28-Sep-2017,0,XX,680.35,682.1,679.6,680.2,678.1,7,33.35,14000,-4900,31-JUL-2017,
FUTSTK,TATACOMM,28-Sep-2017,0,XX,665.7,665.7,663.65,663.65,664.15,3,13.95,14000,0,01-AUG-2017,
FUTSTK,TATACOMM,28-Sep-2017,0,XX,674.55,674.6,674.55,674.6,666.2,2,9.44,14000,0,02-AUG-2017,
FUTSTK,TATACOMM,28-Sep-2017,0,XX,660.6,661.3,639.4,642.65,642.65,28,127.55,24500,10500,03-AUG-2017,
FUTSTK,TATACOMM,28-Sep-2017,0,XX,644.25,645,637.1,645,647.5,16,71.86,26600,2100,04-AUG-2017,
FUTSTK,TATACOMM,28-Sep-2017,0,XX,657.1,667.55,655,667.55,657.2,4,18.44,25200,-1400,07-AUG-2017,
FUTSTK,TATACOMM,28-Sep-2017,0,XX,644,652.95,630,632.35,632.35,32,142.47,42700,17500,08-AUG-2017,
FUTSTK,TATACOMM,28-Sep-2017,0,XX,625.95,625.95,604.15,614.65,614.65,29,125.46,53900,11200,09-AUG-2017,
FUTSTK,TATACOMM,28-Sep-2017,0,XX,600,605.55,575.25,600.45,600.45,53,220.1,82600,28700,10-AUG-2017,
FUTSTK,TATACOMM,28-Sep-2017,0,XX,583,617.8,580.05,587.4,587.4,58,243.3,95200,12600,11-AUG-2017,
FUTSTK,TATACOMM,28-Sep-2017,0,XX,607.55,634.3,607,631.8,631.8,16,69.65,97300,2100,14-AUG-2017,
FUTSTK,TATACOMM,28-Sep-2017,0,XX,641.65,650,625,633.3,633.25,40,179.06,107800,10500,16-AUG-2017,
FUTSTK,TATACOMM,28-Sep-2017,0,XX,637.05,646.9,634.7,646.05,646.05,43,193.38,114800,7000,17-AUG-2017,
FUTSTK,TATACOMM,28-Sep-2017,0,XX,636.5,660.8,636.35,650.1,650.1,221,1010.47,189000,74200,18-AUG-2017,
FUTSTK,TATACOMM,28-Sep-2017,0,XX,650.5,651,632.75,633.6,633.6,201,910.4,227500,38500,21-AUG-2017,
FUTSTK,TATACOMM,28-Sep-2017,0,XX,640.6,641.2,617,619.05,619.05,165,726.34,303800,76300,22-AUG-2017,
FUTSTK,TATACOMM,28-Sep-2017,0,XX,628,643.35,624.8,641.05,641.05,601,2656.63,633500,329700,23-AUG-2017,
FUTSTK,TATACOMM,28-Sep-2017,0,XX,641,649.8,640.8,646.05,646.05,940,4254.22,1109500,476000,24-AUG-2017,
FUTSTK,TATACOMM,28-Sep-2017,0,XX,648,671,645.55,669.55,669.55,2698,12489.51,2415700,1306200,28-AUG-2017,
FUTSTK,TATACOMM,28-Sep-2017,0,XX,664.55,667.75,645.25,653.05,653.05,4424,20254.88,4853100,2437400,29-AUG-2017,
FUTSTK,TATACOMM,28-Sep-2017,0,XX,655.1,662.05,654.3,657.4,657.4,3487,16070.13,6517000,1663900,30-AUG-2017,
FUTSTK,TATACOMM,28-Sep-2017,0,XX,655,663,650,656.75,656.75,5222,24040.31,8579900,2062900,31-AUG-2017,
FUTSTK,TATACOMM,26-Oct-2017,0,XX,668.2,675.9,668.2,673.85,673.85,46,216.76,16100,7000,01-SEP-2017,
FUTSTK,TATACOMM,26-Oct-2017,0,XX,662.8,669.7,655.45,660,660,36,166.56,21700,5600,04-SEP-2017,
FUTSTK,TATACOMM,26-Oct-2017,0,XX,661.25,665.5,655.95,665.5,668.05,22,101.94,18200,-3500,05-SEP-2017,
FUTSTK,TATACOMM,26-Oct-2017,0,XX,662.2,669,662.2,665.25,665.25,6,27.89,18900,700,06-SEP-2017,
FUTSTK,TATACOMM,26-Oct-2017,0,XX,666.05,678.65,666,672.85,672.85,16,75.36,21000,2100,07-SEP-2017,
FUTSTK,TATACOMM,26-Oct-2017,0,XX,672.15,672.15,667.65,667.65,667.65,5,23.47,20300,-700,08-SEP-2017,
FUTSTK,TATACOMM,26-Oct-2017,0,XX,670.3,684.7,670.25,683,681.8,12,57.03,19600,-700,11-SEP-2017,
FUTSTK,TATACOMM,26-Oct-2017,0,XX,688.2,706.25,686.7,702.65,702.65,44,214.75,14700,-4900,12-SEP-2017,
FUTSTK,TATACOMM,26-Oct-2017,0,XX,703.5,706.75,685,687.25,687.25,25,122.13,18900,4200,13-SEP-2017,
FUTSTK,TATACOMM,26-Oct-2017,0,XX,696,728.9,696,709.15,709.15,126,631.62,57400,38500,14-SEP-2017,
FUTSTK,TATACOMM,26-Oct-2017,0,XX,714.8,734.9,706,712.5,712.5,181,911.13,102200,44800,15-SEP-2017,
FUTSTK,TATACOMM,26-Oct-2017,0,XX,725,725,709,713,713,74,369.78,119000,16800,18-SEP-2017,
FUTSTK,TATACOMM,26-Oct-2017,0,XX,718.9,722.55,710,711.15,711.15,71,355.78,137200,18200,19-SEP-2017,
FUTSTK,TATACOMM,26-Oct-2017,0,XX,710,710,699.8,700.6,700.6,132,649.5,207900,70700,20-SEP-2017,
FUTSTK,TATACOMM,26-Oct-2017,0,XX,689.3,716.9,689.3,709.2,709.2,729,3620.23,578200,370300,21-SEP-2017,
FUTSTK,TATACOMM,26-Oct-2017,0,XX,704,706,682.2,685.15,685.15,1008,4885.82,1087100,508900,22-SEP-2017,
FUTSTK,TATACOMM,26-Oct-2017,0,XX,682.25,700.1,681.05,692.25,692.25,2235,10798.66,1906800,819700,25-SEP-2017,
FUTSTK,TATACOMM,26-Oct-2017,0,XX,692,707.85,691,692.1,692.1,1925,9372.31,2897300,990500,26-SEP-2017,
FUTSTK,TATACOMM,26-Oct-2017,0,XX,693.05,699.4,669.2,671.35,671.35,2725,13092.36,4091500,1194200,27-SEP-2017,
FUTSTK,TATACOMM,26-Oct-2017,0,XX,672.8,686.5,668.95,676.85,676.85,7538,35860.83,7409500,3318000,28-SEP-2017,
FUTSTK,TATACOMM,30-Nov-2017,0,XX,689.9,693.5,689.9,693.5,692.7,10,48.38,11900,4200,29-SEP-2017,
FUTSTK,TATACOMM,30-Nov-2017,0,XX,699.45,705.25,697.3,703.65,699.55,14,68.59,13300,1400,03-OCT-2017,
FUTSTK,TATACOMM,30-Nov-2017,0,XX,702.3,704.05,700,700.8,698.2,16,78.48,24500,11200,04-OCT-2017,
FUTSTK,TATACOMM,30-Nov-2017,0,XX,703.8,705.25,703.8,705.2,705.1,4,19.73,23800,-700,05-OCT-2017,
FUTSTK,TATACOMM,30-Nov-2017,0,XX,710.4,716.95,710.35,713.5,715.85,13,64.96,28700,4900,06-OCT-2017,
FUTSTK,TATACOMM,30-Nov-2017,0,XX,712.6,716.95,694,696.15,696.15,24,117.82,32900,4200,09-OCT-2017,
FUTSTK,TATACOMM,30-Nov-2017,0,XX,700,704,695.05,695.05,695.9,10,49.04,35700,2800,10-OCT-2017,
FUTSTK,TATACOMM,30-Nov-2017,0,XX,697.05,697.05,672.5,680.15,680.15,55,263.45,35700,0,11-OCT-2017,
FUTSTK,TATACOMM,30-Nov-2017,0,XX,680.95,694,670,693.1,693.1,66,313.65,56700,21000,12-OCT-2017,
FUTSTK,TATACOMM,30-Nov-2017,0,XX,701,706.95,692.95,695.45,695.45,43,209.87,59500,2800,13-OCT-2017,
FUTSTK,TATACOMM,30-Nov-2017,0,XX,698.95,727.5,698.95,725.25,725.25,85,425.01,67900,8400,16-OCT-2017,
FUTSTK,TATACOMM,30-Nov-2017,0,XX,723.35,735.9,719.05,729.1,729.1,98,498.32,70700,2800,17-OCT-2017,
FUTSTK,TATACOMM,30-Nov-2017,0,XX,726,731.55,713.95,715.35,715.35,114,575.33,90300,19600,18-OCT-2017,
FUTSTK,TATACOMM,30-Nov-2017,0,XX,710.65,731.15,708.25,723.35,723.35,2274,11493.91,1386000,1278200,23-OCT-2017,
FUTSTK,TATACOMM,30-Nov-2017,0,XX,726.95,739,718.6,732.35,732.35,2580,13175.06,2503200,1117200,24-OCT-2017,
FUTSTK,TATACOMM,30-Nov-2017,0,XX,739.5,739.95,700.15,716.75,716.75,5809,29018.66,4713100,2209900,25-OCT-2017,
FUTSTK,TATACOMM,30-Nov-2017,0,XX,690,700,674.25,682.2,682.2,9446,45276.53,7849800,3136700,26-OCT-2017,
FUTSTK,TATACOMM,28-Dec-2017,0,XX,676,676,663.15,663.8,663.8,22,103.07,9800,7000,27-OCT-2017,
FUTSTK,TATACOMM,28-Dec-2017,0,XX,668.4,678.25,658.55,670.75,666.25,13,60.55,9800,0,30-OCT-2017,
FUTSTK,TATACOMM,28-Dec-2017,0,XX,675,703.3,670.2,699.8,691.45,54,258.57,18900,9100,31-OCT-2017,
FUTSTK,TATACOMM,28-Dec-2017,0,XX,701.4,726.45,697.75,702.55,699.85,63,313.35,25200,6300,01-NOV-2017,
FUTSTK,TATACOMM,28-Dec-2017,0,XX,706.05,706.05,685.1,689.7,689.7,17,82.37,25200,0,02-NOV-2017,
FUTSTK,TATACOMM,28-Dec-2017,0,XX,699.95,701.5,689.9,697.5,696.05,107,523.58,75600,50400,03-NOV-2017,
FUTSTK,TATACOMM,28-Dec-2017,0,XX,700.2,702.1,690.9,695.4,695.4,24,116.88,76300,700,06-NOV-2017,
FUTSTK,TATACOMM,28-Dec-2017,0,XX,687.95,687.95,673.45,675.6,675.6,33,156.68,90300,14000,07-NOV-2017,
FUTSTK,TATACOMM,28-Dec-2017,0,XX,679.7,686.1,679.65,685.25,685.25,18,86.03,88900,-1400,08-NOV-2017,
FUTSTK,TATACOMM,28-Dec-2017,0,XX,692.2,704.85,690.15,704.3,704.3,21,102.34,86800,-2100,09-NOV-2017,
FUTSTK,TATACOMM,28-Dec-2017,0,XX,704.3,710.95,680,707.5,707.5,19,93.8,90300,3500,10-NOV-2017,
FUTSTK,TATACOMM,28-Dec-2017,0,XX,702,714.95,698.3,701.85,701.85,32,158.51,98000,7700,13-NOV-2017,
FUTSTK,TATACOMM,28-Dec-2017,0,XX,701.6,713.6,701,702.95,702.95,23,113.44,98700,700,14-NOV-2017,
FUTSTK,TATACOMM,28-Dec-2017,0,XX,700.4,700.4,679.2,686.45,686.45,24,115.85,102200,3500,15-NOV-2017,
FUTSTK,TATACOMM,28-Dec-2017,0,XX,697.55,702.95,697.55,701.55,701.55,5,24.47,102900,700,16-NOV-2017,
FUTSTK,TATACOMM,28-Dec-2017,0,XX,709.95,717,704.95,706.65,706.65,48,239.08,106400,3500,17-NOV-2017,
FUTSTK,TATACOMM,28-Dec-2017,0,XX,708.5,711.8,707.4,710.2,710.2,810,4015.29,660100,553700,20-NOV-2017,
FUTSTK,TATACOMM,28-Dec-2017,0,XX,709.45,722,700,702,702,167,830.51,689500,29400,21-NOV-2017,
FUTSTK,TATACOMM,28-Dec-2017,0,XX,702.5,708.5,698,698.75,698.75,100,491.23,730800,41300,22-NOV-2017,
FUTSTK,TATACOMM,28-Dec-2017,0,XX,699.6,704.15,691.95,700.15,700.15,174,849.21,805000,74200,23-NOV-2017,
FUTSTK,TATACOMM,28-Dec-2017,0,XX,701.2,705.35,696.1,698.35,698.35,466,2279.84,1032500,227500,24-NOV-2017,
FUTSTK,TATACOMM,28-Dec-2017,0,XX,696,701.6,692.4,696,696,2025,9862.05,2062200,1029700,27-NOV-2017,
FUTSTK,TATACOMM,28-Dec-2017,0,XX,695.55,703.05,693.3,696.35,696.35,2856,13982.76,3639300,1577100,28-NOV-2017,
FUTSTK,TATACOMM,28-Dec-2017,0,XX,695.05,700,693.15,696,696,2846,13887.75,5215700,1576400,29-NOV-2017,
FUTSTK,TATACOMM,28-Dec-2017,0,XX,692.75,698,690.7,693.25,693.25,4629,22516.11,7399700,2184000,30-NOV-2017,
FUTSTK,TATACOMM,25-Jan-2018,0,XX,695.25,695.25,686.85,687.2,687.2,5,27.66,8000,1600,01-DEC-2017,
FUTSTK,TATACOMM,25-Jan-2018,0,XX,682.1,682.1,672,672,674.7,15,81.17,10400,2400,04-DEC-2017,
FUTSTK,TATACOMM,25-Jan-2018,0,XX,665.6,671.4,665.6,668,674.4,4,21.38,12000,1600,05-DEC-2017,
FUTSTK,TATACOMM,25-Jan-2018,0,XX,676.8,676.8,670,670,670,2,10.77,12000,0,06-DEC-2017,
FUTSTK,TATACOMM,25-Jan-2018,0,XX,677,691.1,677,689.85,689.85,24,131.75,16000,4000,07-DEC-2017,
FUTSTK,TATACOMM,25-Jan-2018,0,XX,690,693.4,686.85,690.5,685.4,14,77.3,23200,7200,08-DEC-2017,
FUTSTK,TATACOMM,25-Jan-2018,0,XX,683,728.35,683,718.25,718.25,76,429.5,24800,1600,11-DEC-2017,
FUTSTK,TATACOMM,25-Jan-2018,0,XX,726.1,726.1,704.65,706.95,706.95,28,160.14,29600,4800,12-DEC-2017,
FUTSTK,TATACOMM,25-Jan-2018,0,XX,706.35,712.6,701,703,703,32,180.86,36000,6400,13-DEC-2017,
FUTSTK,TATACOMM,25-Jan-2018,0,XX,745.4,752.5,701,707.15,707.15,253,1458.88,133600,97600,14-DEC-2017,
FUTSTK,TATACOMM,25-Jan-2018,0,XX,711.3,711.3,691,693.85,693.85,180,1002.88,232000,98400,15-DEC-2017,
FUTSTK,TATACOMM,25-Jan-2018,0,XX,680.75,699.9,676.45,690.7,690.7,172,949.98,264000,32000,18-DEC-2017,
FUTSTK,TATACOMM,25-Jan-2018,0,XX,690,698.45,689,694.3,694.3,190,1054.73,293600,29600,19-DEC-2017,
FUTSTK,TATACOMM,25-Jan-2018,0,XX,693.95,695.35,684,685.7,685.7,397,2187.64,491200,197600,20-DEC-2017,
FUTSTK,TATACOMM,25-Jan-2018,0,XX,688,692.45,682.45,684.75,684.75,928,5087.18,1091200,600000,21-DEC-2017,
FUTSTK,TATACOMM,25-Jan-2018,0,XX,686.35,692.2,681,684.75,684.75,940,5171.51,1572000,480800,22-DEC-2017,
FUTSTK,TATACOMM,25-Jan-2018,0,XX,682.6,688.8,680.8,685.85,685.85,1572,8626.23,2363200,791200,26-DEC-2017,
FUTSTK,TATACOMM,25-Jan-2018,0,XX,685.5,704.55,684.55,697.15,697.15,6466,35986.05,5380000,3016800,27-DEC-2017,
FUTSTK,TATACOMM,25-Jan-2018,0,XX,702.95,703.55,682.75,684.75,684.75,7227,39906.79,8493600,3113600,28-DEC-2017,
FUTSTK,TATACOMM,22-Feb-2018,0,XX,690,690,689,689.05,689.05,16,88.21,32800,9600,29-DEC-2017,
FUTSTK,TATACOMM,22-Feb-2018,0,XX,693.3,693.3,683.1,684.3,684.3,16,88.09,34400,1600,01-JAN-2018,
FUTSTK,TATACOMM,22-Feb-2018,0,XX,682,684.5,675,675,676.85,18,97.84,42400,8000,02-JAN-2018,
FUTSTK,TATACOMM,22-Feb-2018,0,XX,681.35,682.5,675.25,675.6,675.6,24,130.35,44800,2400,03-JAN-2018,
FUTSTK,TATACOMM,22-Feb-2018,0,XX,674.05,682.3,674.05,681.55,681.55,13,70.67,43200,-1600,04-JAN-2018,
FUTSTK,TATACOMM,22-Feb-2018,0,XX,682.55,685,678.35,679.35,679.35,66,359.78,58400,15200,05-JAN-2018,
FUTSTK,TATACOMM,22-Feb-2018,0,XX,681.15,688.2,677.5,684.35,684.35,50,272.39,63200,4800,08-JAN-2018,
FUTSTK,TATACOMM,22-Feb-2018,0,XX,686.35,699,682.75,687.6,687.6,38,209.83,62400,-800,09-JAN-2018,
FUTSTK,TATACOMM,22-Feb-2018,0,XX,687.55,688,678,678,678,41,223.97,78400,16000,10-JAN-2018,
FUTSTK,TATACOMM,22-Feb-2018,0,XX,678.7,690.4,676.2,681.5,681.5,61,333.43,86400,8000,11-JAN-2018,
FUTSTK,TATACOMM,22-Feb-2018,0,XX,683.65,689.25,678,683.65,683.65,30,163.96,90400,4000,12-JAN-2018,
FUTSTK,TATACOMM,22-Feb-2018,0,XX,684.95,685.2,677,677.75,677.75,67,364.29,121600,31200,15-JAN-2018,
FUTSTK,TATACOMM,22-Feb-2018,0,XX,678.95,678.95,650.1,655.35,655.35,189,998.68,191200,69600,16-JAN-2018,
FUTSTK,TATACOMM,22-Feb-2018,0,XX,652.05,658.1,640.5,651.05,651.05,296,1536.21,308800,117600,17-JAN-2018,
FUTSTK,TATACOMM,22-Feb-2018,0,XX,652.55,655.6,632.1,637.6,637.6,335,1730.17,393600,84800,18-JAN-2018,
FUTSTK,TATACOMM,22-Feb-2018,0,XX,635,643.55,632,639.1,639.1,975,4994.71,967200,573600,19-JAN-2018,
FUTSTK,TATACOMM,22-Feb-2018,0,XX,641,648.8,633.5,646.25,646.25,1256,6425.82,1598400,631200,22-JAN-2018,
FUTSTK,TATACOMM,22-Feb-2018,0,XX,655,655.45,641.2,644.5,644.5,2468,12783.29,3149600,1551200,23-JAN-2018,
FUTSTK,TATACOMM,22-Feb-2018,0,XX,645,646.9,630,636.7,636.7,3423,17437.09,4633600,1484000,24-JAN-2018,
FUTSTK,TATACOMM,22-Feb-2018,0,XX,634.45,638.5,621,622.95,622.95,7028,35554.75,8106400,3472800,25-JAN-2018,
FUTSTK,TATACOMM,28-Mar-2018,0,XX,628,628,610.4,611.15,611.15,23,113.41,56800,10400,29-JAN-2018,
FUTSTK,TATACOMM,28-Mar-2018,0,XX,610.8,623,610.8,618,618,40,197.63,52800,-4000,30-JAN-2018,
FUTSTK,TATACOMM,28-Mar-2018,0,XX,628.95,628.95,621.4,624,622.15,8,39.95,52800,0,31-JAN-2018,
FUTSTK,TATACOMM,28-Mar-2018,0,XX,621.1,632.35,615.05,628.7,628.7,30,150.04,51200,-1600,01-FEB-2018,
FUTSTK,TATACOMM,28-Mar-2018,0,XX,619.05,623.75,601.15,622.15,622.15,22,108.62,53600,2400,02-FEB-2018,
FUTSTK,TATACOMM,28-Mar-2018,0,XX,610,624.05,604.85,624,625.5,25,122.87,52800,-800,05-FEB-2018,
FUTSTK,TATACOMM,28-Mar-2018,0,XX,602,620,596,606.65,606.65,35,170.04,58400,5600,06-FEB-2018,
FUTSTK,TATACOMM,28-Mar-2018,0,XX,626.6,626.65,606,607.65,607.65,19,93.5,58400,0,07-FEB-2018,
FUTSTK,TATACOMM,28-Mar-2018,0,XX,611.1,624.75,609,620.65,620.65,28,137.62,55200,-3200,08-FEB-2018,
FUTSTK,TATACOMM,28-Mar-2018,0,XX,615.45,643.9,615.45,642.65,642.65,37,186.76,60000,4800,09-FEB-2018,
FUTSTK,TATACOMM,28-Mar-2018,0,XX,642.3,656.9,641.15,656.2,656.2,20,104.2,65600,5600,12-FEB-2018,
FUTSTK,TATACOMM,28-Mar-2018,0,XX,659,670.1,648.2,663.7,663.7,154,812.74,80800,15200,14-FEB-2018,
FUTSTK,TATACOMM,28-Mar-2018,0,XX,659.35,662.5,648.25,650.8,650.8,163,851.85,142400,61600,15-FEB-2018,
FUTSTK,TATACOMM,28-Mar-2018,0,XX,652,654.65,639,644.75,644.75,565,2911.68,430400,288000,16-FEB-2018,
FUTSTK,TATACOMM,28-Mar-2018,0,XX,641.5,642.9,631,638,638,1408,7174,1326400,896000,19-FEB-2018,
FUTSTK,TATACOMM,28-Mar-2018,0,XX,634.2,642.8,632.6,634.75,634.75,1846,9431.07,2395200,1068800,20-FEB-2018,
FUTSTK,TATACOMM,28-Mar-2018,0,XX,637.1,637.5,621,628.55,628.55,3310,16621.61,4145600,1750400,21-FEB-2018,
FUTSTK,TATACOMM,28-Mar-2018,0,XX,624.7,633.45,619.35,623.1,623.1,5481,27492.89,7041600,2896000,22-FEB-2018,
FUTSTK,TATACOMM,26-Apr-2018,0,XX,628.95,645.85,628.95,645.6,645.6,14,71.7,12000,1600,23-FEB-2018,
FUTSTK,TATACOMM,26-Apr-2018,0,XX,640.85,644.4,640.2,644.4,642.6,7,35.96,12000,0,26-FEB-2018,
FUTSTK,TATACOMM,26-Apr-2018,0,XX,644.55,656.35,644.55,655.5,656.4,10,52.11,19200,7200,27-FEB-2018,
FUTSTK,TATACOMM,26-Apr-2018,0,XX,651.5,652.75,646.8,647.8,649.65,8,41.51,16800,-2400,28-FEB-2018,
FUTSTK,TATACOMM,26-Apr-2018,0,XX,644.55,648.05,642.9,643.4,643.4,12,61.92,18400,1600,01-MAR-2018,
FUTSTK,TATACOMM,26-Apr-2018,0,XX,633.85,635,630.45,634.9,634.9,12,60.71,19200,800,05-MAR-2018,
FUTSTK,TATACOMM,26-Apr-2018,0,XX,636,640.2,627.05,627.9,627.9,11,55.67,17600,-1600,06-MAR-2018,
FUTSTK,TATACOMM,26-Apr-2018,0,XX,625.9,625.9,613,617.45,617.45,13,64.54,20000,2400,07-MAR-2018,
FUTSTK,TATACOMM,26-Apr-2018,0,XX,620.95,621,620.8,620.8,620.8,3,14.9,20800,800,08-MAR-2018,
FUTSTK,TATACOMM,26-Apr-2018,0,XX,627.75,631.75,621.1,623.6,626,13,65.2,22400,1600,09-MAR-2018,
FUTSTK,TATACOMM,26-Apr-2018,0,XX,624.9,631.75,624.9,631.5,631.5,7,35.22,20800,-1600,12-MAR-2018,
FUTSTK,TATACOMM,26-Apr-2018,0,XX,632.75,643.15,630.15,637.7,637.7,23,117.12,25600,4800,13-MAR-2018,
FUTSTK,TATACOMM,26-Apr-2018,0,XX,635.3,645.5,635.3,644.85,644.85,14,72,26400,800,14-MAR-2018,
FUTSTK,TATACOMM,26-Apr-2018,0,XX,650,652.15,643.8,643.95,643.95,17,87.93,28000,1600,15-MAR-2018,
FUTSTK,TATACOMM,26-Apr-2018,0,XX,639.05,644.95,625.3,625.35,629.3,21,106.6,32000,4000,16-MAR-2018,
FUTSTK,TATACOMM,26-Apr-2018,0,XX,634.8,634.85,628.5,631,631,35,176.7,47200,15200,19-MAR-2018,
FUTSTK,TATACOMM,26-Apr-2018,0,XX,631.1,644.45,631,642,642,24,122.47,53600,6400,20-MAR-2018,
FUTSTK,TATACOMM,26-Apr-2018,0,XX,646.85,652.15,637.05,643.95,643.95,68,350.11,81600,28000,21-MAR-2018,
FUTSTK,TATACOMM,26-Apr-2018,0,XX,640.9,643.6,630,631.85,631.85,290,1474.9,229600,148000,22-MAR-2018,
FUTSTK,TATACOMM,26-Apr-2018,0,XX,624.8,626.45,619.6,620.8,620.8,400,1990.17,459200,229600,23-MAR-2018,
FUTSTK,TATACOMM,26-Apr-2018,0,XX,621.75,627.2,621.75,626.05,626.05,2377,11879.4,2156800,1697600,26-MAR-2018,
FUTSTK,TATACOMM,26-Apr-2018,0,XX,626.1,633,624,629.95,629.95,3141,15771.95,4069600,1912800,27-MAR-2018,
FUTSTK,TATACOMM,26-Apr-2018,0,XX,625.4,628.9,621,623.75,623.75,3321,16602.37,5735200,1665600,28-MAR-2018,
FUTSTK,TATACOMM,31-May-2018,0,XX,0,0,0,630,645.65,0,0,800,0,02-APR-2018,
FUTSTK,TATACOMM,31-May-2018,0,XX,660,660,655,658.8,659.65,3,15.79,2400,1600,03-APR-2018,
FUTSTK,TATACOMM,31-May-2018,0,XX,660.65,660.65,647,647.05,647.05,7,36.55,1600,-800,04-APR-2018,
FUTSTK,TATACOMM,31-May-2018,0,XX,659.55,663.05,654.95,662.05,661.8,9,47.51,6400,4800,05-APR-2018,
FUTSTK,TATACOMM,31-May-2018,0,XX,658.5,661.75,656,656,661.55,8,42.16,11200,4800,06-APR-2018,
FUTSTK,TATACOMM,31-May-2018,0,XX,669,674.75,665,665,666.5,9,48.16,10400,-800,09-APR-2018,
FUTSTK,TATACOMM,31-May-2018,0,XX,663.4,665.85,658,662.3,661.65,16,84.59,12000,1600,10-APR-2018,
FUTSTK,TATACOMM,31-May-2018,0,XX,660,661.8,660,661.8,661.8,3,15.86,14400,2400,11-APR-2018,
FUTSTK,TATACOMM,31-May-2018,0,XX,660,660,638.35,641.1,641.1,33,170.27,24800,10400,12-APR-2018,
FUTSTK,TATACOMM,31-May-2018,0,XX,643.4,645.3,636.8,640,640,13,66.52,28000,3200,13-APR-2018,
FUTSTK,TATACOMM,31-May-2018,0,XX,632,632,620,626.1,626.1,47,234.51,46400,18400,16-APR-2018,
FUTSTK,TATACOMM,31-May-2018,0,XX,627.85,630.2,624.5,628.5,628.5,30,150.65,54400,8000,17-APR-2018,
FUTSTK,TATACOMM,31-May-2018,0,XX,629.5,632.05,623.25,624.4,624.4,45,225.11,71200,16800,18-APR-2018,
FUTSTK,TATACOMM,31-May-2018,0,XX,623.3,632.3,619.9,627.45,627.45,118,588.07,128000,56800,19-APR-2018,
FUTSTK,TATACOMM,31-May-2018,0,XX,628.4,638.2,627.05,634.75,634.75,150,759.36,165600,37600,20-APR-2018,
FUTSTK,TATACOMM,31-May-2018,0,XX,634.5,643,631.5,637.6,637.6,1897,9676.13,1523200,1357600,23-APR-2018,
FUTSTK,TATACOMM,31-May-2018,0,XX,638,641.75,632.05,636.1,636.1,2040,10382.77,2801600,1278400,24-APR-2018,
FUTSTK,TATACOMM,31-May-2018,0,XX,635.6,636.95,630.2,631.95,631.95,2654,13462.78,4373600,1572000,25-APR-2018,
FUTSTK,TATACOMM,31-May-2018,0,XX,631.4,634.5,621.1,624.35,624.35,3081,15453.3,5900800,1527200,26-APR-2018,
FUTSTK,TATACOMM,28-Jun-2018,0,XX,0,0,0,627,628.55,0,0,7200,0,27-APR-2018,
FUTSTK,TATACOMM,28-Jun-2018,0,XX,627.65,627.65,627.65,627.65,630.9,1,5.02,7200,0,30-APR-2018,
FUTSTK,TATACOMM,28-Jun-2018,0,XX,0,0,0,627.65,636.45,0,0,7200,0,02-MAY-2018,
FUTSTK,TATACOMM,28-Jun-2018,0,XX,0,0,0,627.65,621.8,0,0,7200,0,03-MAY-2018,
FUTSTK,TATACOMM,28-Jun-2018,0,XX,0,0,0,627.65,623.75,0,0,7200,0,04-MAY-2018,
FUTSTK,TATACOMM,28-Jun-2018,0,XX,616.25,617.75,610.2,614,617.75,9,44.24,12800,5600,07-MAY-2018,
FUTSTK,TATACOMM,28-Jun-2018,0,XX,621.5,621.5,620,620,623.3,2,9.93,13600,800,08-MAY-2018,
FUTSTK,TATACOMM,28-Jun-2018,0,XX,614.15,615.8,611.4,611.4,617.5,3,14.73,14400,800,09-MAY-2018,
FUTSTK,TATACOMM,28-Jun-2018,0,XX,617.05,617.05,614.95,615.3,618,23,113.26,28800,14400,10-MAY-2018,
FUTSTK,TATACOMM,28-Jun-2018,0,XX,610,644,610,642.15,642.15,35,177.69,32800,4000,11-MAY-2018,
FUTSTK,TATACOMM,28-Jun-2018,0,XX,634.65,641,634.65,637.5,637.5,5,25.52,32800,0,14-MAY-2018,
FUTSTK,TATACOMM,28-Jun-2018,0,XX,632,637.5,612,617.4,623.65,22,110.17,41600,8800,15-MAY-2018,
FUTSTK,TATACOMM,28-Jun-2018,0,XX,620.95,626.7,620.5,626.6,626.6,10,49.81,41600,0,16-MAY-2018,
FUTSTK,TATACOMM,28-Jun-2018,0,XX,629,630.5,618,618.1,618.1,12,59.87,42400,800,17-MAY-2018,
FUTSTK,TATACOMM,28-Jun-2018,0,XX,616,616.95,609.2,613.25,613.25,28,137.42,52000,9600,18-MAY-2018,
FUTSTK,TATACOMM,28-Jun-2018,0,XX,612.9,613,610.5,613,613,17,83.25,60800,8800,21-MAY-2018,
FUTSTK,TATACOMM,28-Jun-2018,0,XX,615,626,615,618.7,618.7,41,203.23,70400,9600,22-MAY-2018,
FUTSTK,TATACOMM,28-Jun-2018,0,XX,615.1,621.35,613.25,614.6,614.6,23,113.43,77600,7200,23-MAY-2018,
FUTSTK,TATACOMM,28-Jun-2018,0,XX,616.55,623.15,613,619.95,619.95,112,554.99,103200,25600,24-MAY-2018,
FUTSTK,TATACOMM,28-Jun-2018,0,XX,620.5,637.85,619,636.35,636.35,137,692.07,148000,44800,25-MAY-2018,
FUTSTK,TATACOMM,28-Jun-2018,0,XX,637.5,649.1,636.1,646.85,646.85,1145,5902.64,949600,801600,28-MAY-2018,
FUTSTK,TATACOMM,28-Jun-2018,0,XX,643.5,653.1,611.65,623.15,623.15,1691,8672.4,1716000,766400,29-MAY-2018,
FUTSTK,TATACOMM,28-Jun-2018,0,XX,621.05,638.85,621,633.85,633.85,1930,9731.45,2708800,992800,30-MAY-2018,
FUTSTK,TATACOMM,28-Jun-2018,0,XX,637.45,641.3,618.55,620.1,620.1,3067,15378.28,3901600,1192800,31-MAY-2018,
FUTSTK,TATACOMM,26-Jul-2018,0,XX,609.1,610.65,599.05,602.9,602.9,9,43.57,7200,4800,01-JUN-2018,
FUTSTK,TATACOMM,26-Jul-2018,0,XX,595.65,595.65,595.65,595.65,610.1,1,4.76,8000,800,04-JUN-2018,
FUTSTK,TATACOMM,26-Jul-2018,0,XX,602.4,604.55,601.45,604.55,604.55,6,28.91,11200,3200,05-JUN-2018,
FUTSTK,TATACOMM,26-Jul-2018,0,XX,609.8,609.8,609.8,609.8,612.95,1,4.87,10400,-800,06-JUN-2018,
FUTSTK,TATACOMM,26-Jul-2018,0,XX,614.8,614.8,614.8,614.8,613.3,1,4.91,9600,-800,07-JUN-2018,
FUTSTK,TATACOMM,26-Jul-2018,0,XX,611.65,611.65,606,606,610.05,2,9.74,11200,1600,08-JUN-2018,
FUTSTK,TATACOMM,26-Jul-2018,0,XX,611.55,611.55,611.55,611.55,614.3,1,4.89,11200,0,11-JUN-2018,
FUTSTK,TATACOMM,26-Jul-2018,0,XX,612.55,612.55,612.55,612.55,613.8,1,4.9,12000,800,12-JUN-2018,
FUTSTK,TATACOMM,26-Jul-2018,0,XX,611.5,619.75,611.5,619.75,614.25,3,14.77,12000,0,13-JUN-2018,
FUTSTK,TATACOMM,26-Jul-2018,0,XX,611.85,611.85,609.75,610,615.25,5,24.41,13600,1600,14-JUN-2018,
FUTSTK,TATACOMM,26-Jul-2018,0,XX,620.05,622.05,620.05,622.05,615.8,3,14.9,13600,0,15-JUN-2018,
FUTSTK,TATACOMM,26-Jul-2018,0,XX,612.35,612.35,608,609.45,609.45,3,14.62,16000,2400,18-JUN-2018,
FUTSTK,TATACOMM,26-Jul-2018,0,XX,606,606,597.25,598.75,598.75,31,148.84,32800,16800,19-JUN-2018,
FUTSTK,TATACOMM,26-Jul-2018,0,XX,597.5,609.9,597.5,609.95,609.95,27,130.95,50400,17600,20-JUN-2018,
FUTSTK,TATACOMM,26-Jul-2018,0,XX,611.8,612,605.05,605.9,605.9,18,87.72,53600,3200,21-JUN-2018,
FUTSTK,TATACOMM,26-Jul-2018,0,XX,607.55,608.45,603.5,606.35,606.35,95,460.21,102400,48800,22-JUN-2018,
FUTSTK,TATACOMM,26-Jul-2018,0,XX,605,607.1,598,598.9,598.9,1359,6543.14,1023200,920800,25-JUN-2018,
FUTSTK,TATACOMM,26-Jul-2018,0,XX,598.05,605.85,591.85,594.9,594.9,1054,5041.42,1485600,462400,26-JUN-2018,
FUTSTK,TATACOMM,26-Jul-2018,0,XX,595.6,596.9,587.9,591.9,591.9,1375,6502.06,2096800,611200,27-JUN-2018,
FUTSTK,TATACOMM,26-Jul-2018,0,XX,592.45,592.5,575.7,584.95,584.95,3091,14449.75,3237600,1140800,28-JUN-2018,
FUTSTK,TATACOMM,30-Aug-2018,0,XX,595.05,596.55,595.05,596.55,596.55,3,14.29,13600,-800,29-JUN-2018,
FUTSTK,TATACOMM,30-Aug-2018,0,XX,586.5,591.95,585.05,587.6,587.6,28,131.72,20000,6400,02-JUL-2018,
FUTSTK,TATACOMM,30-Aug-2018,0,XX,585.75,594.45,585.75,594.45,595.1,16,75.3,32000,12000,03-JUL-2018,
FUTSTK,TATACOMM,30-Aug-2018,0,XX,587.45,587.45,587.4,587.4,597.5,2,9.39,30400,-1600,04-JUL-2018,
FUTSTK,TATACOMM,30-Aug-2018,0,XX,599.95,599.95,594.1,594.05,594.05,4,19.05,32000,1600,05-JUL-2018,
FUTSTK,TATACOMM,30-Aug-2018,0,XX,593.8,593.8,593.8,593.1,593.1,4,18.98,33600,1600,06-JUL-2018,
FUTSTK,TATACOMM,30-Aug-2018,0,XX,594.9,599.55,593.45,599.55,599.55,7,33.34,36000,2400,09-JUL-2018,
FUTSTK,TATACOMM,30-Aug-2018,0,XX,608.5,623.7,606.1,621.15,621.15,14,69,43200,7200,10-JUL-2018,
FUTSTK,TATACOMM,30-Aug-2018,0,XX,607,607.8,605.1,607.8,612.4,46,224.05,73600,30400,11-JUL-2018,
FUTSTK,TATACOMM,30-Aug-2018,0,XX,612.65,616.7,598,610.3,610.3,18,87.87,81600,8000,12-JUL-2018,
FUTSTK,TATACOMM,30-Aug-2018,0,XX,616.2,621.8,595.25,604.65,604.65,59,288.88,94400,12800,13-JUL-2018,
FUTSTK,TATACOMM,30-Aug-2018,0,XX,592.05,592.15,560.1,562.6,562.6,61,281.11,119200,24800,16-JUL-2018,
FUTSTK,TATACOMM,30-Aug-2018,0,XX,559,574.95,557.8,567.7,567.7,169,765.23,132800,13600,17-JUL-2018,
FUTSTK,TATACOMM,30-Aug-2018,0,XX,563.35,563.35,532.65,545.5,545.5,192,838.88,187200,54400,18-JUL-2018,
FUTSTK,TATACOMM,30-Aug-2018,0,XX,546.5,552.5,540.5,547.4,547.4,82,358.74,215200,28000,19-JUL-2018,
FUTSTK,TATACOMM,30-Aug-2018,0,XX,544.7,554.25,544.7,552,552,778,3432.86,806400,591200,20-JUL-2018,
FUTSTK,TATACOMM,30-Aug-2018,0,XX,549.45,567.3,548.65,565.8,565.8,996,4432.94,1394400,588000,23-JUL-2018,
FUTSTK,TATACOMM,30-Aug-2018,0,XX,564,594.65,564,585.8,585.8,1149,5343.89,1812000,417600,24-JUL-2018,
FUTSTK,TATACOMM,30-Aug-2018,0,XX,609.35,609.35,573.05,576.05,576.05,1375,6385.12,2544000,732000,25-JUL-2018,
FUTSTK,TATACOMM,30-Aug-2018,0,XX,577,585.45,567,570,570,1630,7526.14,3230400,686400,26-JUL-2018,
FUTSTK,TATACOMM,27-Sep-2018,0,XX,0,0,0,581,575.55,0,0,8800,0,27-JUL-2018,
FUTSTK,TATACOMM,27-Sep-2018,0,XX,575.6,580.45,575.6,580.1,580.1,6,27.73,11200,2400,30-JUL-2018,
FUTSTK,TATACOMM,27-Sep-2018,0,XX,585.95,586.7,582.15,582.85,585.4,13,60.8,18400,7200,31-JUL-2018,
FUTSTK,TATACOMM,27-Sep-2018,0,XX,586.5,598.5,583.1,598.5,598.5,24,114.29,31200,12800,01-AUG-2018,
FUTSTK,TATACOMM,27-Sep-2018,0,XX,587.5,592.75,587.5,592.75,593.95,3,14.18,32800,1600,02-AUG-2018,
FUTSTK,TATACOMM,27-Sep-2018,0,XX,606.35,608.75,591.95,593.9,593.9,19,91.06,28000,-4800,03-AUG-2018,
FUTSTK,TATACOMM,27-Sep-2018,0,XX,592.9,598.55,588.6,588.6,587.4,4,18.98,28800,800,06-AUG-2018,
FUTSTK,TATACOMM,27-Sep-2018,0,XX,0,0,0,588.6,587.55,0,0,28800,0,07-AUG-2018,
FUTSTK,TATACOMM,27-Sep-2018,0,XX,592.65,596.4,592.65,593.25,587.75,7,33.27,31200,2400,08-AUG-2018,
FUTSTK,TATACOMM,27-Sep-2018,0,XX,599.9,605.15,595.7,595.7,595.7,3,14.4,31200,0,09-AUG-2018,
FUTSTK,TATACOMM,27-Sep-2018,0,XX,595.45,595.45,556.85,570.95,574.2,43,195.67,34400,3200,10-AUG-2018,
FUTSTK,TATACOMM,27-Sep-2018,0,XX,0,0,0,570.95,564.45,0,0,34400,0,13-AUG-2018,
FUTSTK,TATACOMM,27-Sep-2018,0,XX,566.4,572.45,559.9,570.75,570.75,27,122.14,39200,4800,14-AUG-2018,
FUTSTK,TATACOMM,27-Sep-2018,0,XX,571,571,562.15,562.15,562.85,14,63.4,36000,-3200,16-AUG-2018,
FUTSTK,TATACOMM,27-Sep-2018,0,XX,565,565,555.35,558.2,558.2,19,85.19,36800,800,17-AUG-2018,
FUTSTK,TATACOMM,27-Sep-2018,0,XX,556.4,558.75,550.95,557.4,557.4,44,195.59,50400,13600,20-AUG-2018,
FUTSTK,TATACOMM,27-Sep-2018,0,XX,561.55,561.55,552.6,555,555,59,262.57,67200,16800,21-AUG-2018,
FUTSTK,TATACOMM,27-Sep-2018,0,XX,553.75,558.15,548.1,552.3,552.3,187,826.78,113600,46400,23-AUG-2018,
FUTSTK,TATACOMM,27-Sep-2018,0,XX,551,552.4,543.5,546.45,546.45,414,1807.38,372800,259200,24-AUG-2018,
FUTSTK,TATACOMM,27-Sep-2018,0,XX,551.3,557.85,550.05,555.75,555.75,959,4247.19,993600,620800,27-AUG-2018,
FUTSTK,TATACOMM,27-Sep-2018,0,XX,555.55,556.5,546.8,550.35,550.35,1858,8228.76,2151200,1157600,28-AUG-2018,
FUTSTK,TATACOMM,27-Sep-2018,0,XX,544,556.5,544,552.85,552.85,1054,4653.65,2643200,492000,29-AUG-2018,
FUTSTK,TATACOMM,27-Sep-2018,0,XX,550.25,567.85,549.2,564.5,564.5,2478,11049.53,3562400,919200,30-AUG-2018,
FUTSTK,TATACOMM,25-Oct-2018,0,XX,551.5,551.5,547.65,547.65,546.1,7,30.75,12000,3200,31-AUG-2018,
FUTSTK,TATACOMM,25-Oct-2018,0,XX,540,540,535.95,537.15,537.15,6,25.82,14400,2400,03-SEP-2018,
FUTSTK,TATACOMM,25-Oct-2018,0,XX,524,531.95,521.85,521.85,521.85,21,88.37,20000,5600,04-SEP-2018,
FUTSTK,TATACOMM,25-Oct-2018,0,XX,523,523.05,510.15,519.85,519.85,27,111.62,31200,11200,05-SEP-2018,
FUTSTK,TATACOMM,25-Oct-2018,0,XX,520,521.45,517.9,521.05,521.05,5,20.78,33600,2400,06-SEP-2018,
FUTSTK,TATACOMM,25-Oct-2018,0,XX,527.15,536.7,527.15,533.55,533.55,21,89.27,25600,-8000,07-SEP-2018,
FUTSTK,TATACOMM,25-Oct-2018,0,XX,531.65,531.7,528.35,530.1,530.1,8,33.92,24800,-800,10-SEP-2018,
FUTSTK,TATACOMM,25-Oct-2018,0,XX,533,545,528.3,528.3,527.5,21,90.4,29600,4800,11-SEP-2018,
FUTSTK,TATACOMM,25-Oct-2018,0,XX,522.05,530.1,516.3,530.1,530.1,17,70.83,36800,7200,12-SEP-2018,
FUTSTK,TATACOMM,25-Oct-2018,0,XX,530.9,533.2,528,531.95,531.95,11,46.69,40800,4000,14-SEP-2018,
FUTSTK,TATACOMM,25-Oct-2018,0,XX,524.35,530.05,524.35,527.8,527.8,24,101.22,44000,3200,17-SEP-2018,
FUTSTK,TATACOMM,25-Oct-2018,0,XX,529.05,529.05,520.05,523.45,523.45,14,58.57,46400,2400,18-SEP-2018,
FUTSTK,TATACOMM,25-Oct-2018,0,XX,526,529.2,519.8,519.8,523.1,95,396.25,96800,50400,19-SEP-2018,
FUTSTK,TATACOMM,25-Oct-2018,0,XX,526,526,494.4,503.9,503.9,298,1210.76,210400,113600,21-SEP-2018,
FUTSTK,TATACOMM,25-Oct-2018,0,XX,500,511.25,498.05,506.85,506.85,442,1789.54,496800,286400,24-SEP-2018,
FUTSTK,TATACOMM,25-Oct-2018,0,XX,513.9,516.55,499.45,507.1,507.1,1840,7465.42,1606400,1109600,25-SEP-2018,
FUTSTK,TATACOMM,25-Oct-2018,0,XX,510.55,519.45,503.8,514.65,514.65,1424,5804.5,2306400,700000,26-SEP-2018,
FUTSTK,TATACOMM,25-Oct-2018,0,XX,510.75,518.95,505.65,508.1,508.1,1714,7006.59,3039200,732800,27-SEP-2018,
FUTSTK,TATACOMM,29-Nov-2018,0,XX,0,0,0,569.9,507,0,0,0,0,28-SEP-2018,
FUTSTK,TATACOMM,29-Nov-2018,0,XX,0,0,0,569.9,509.4,0,0,0,0,01-OCT-2018,
FUTSTK,TATACOMM,29-Nov-2018,0,XX,509.55,509.55,486.2,492.4,492.4,15,59.21,10400,10400,03-OCT-2018,
FUTSTK,TATACOMM,29-Nov-2018,0,XX,486.6,491.1,478.9,478.9,485.9,12,46.73,18400,8000,04-OCT-2018,
FUTSTK,TATACOMM,29-Nov-2018,0,XX,0,0,0,478.9,478.55,0,0,18400,0,05-OCT-2018,
FUTSTK,TATACOMM,29-Nov-2018,0,XX,0,0,0,478.9,482.2,0,0,18400,0,08-OCT-2018,
FUTSTK,TATACOMM,29-Nov-2018,0,XX,469.55,474.65,469.55,471.05,481.6,13,49.09,23200,4800,09-OCT-2018,
FUTSTK,TATACOMM,29-Nov-2018,0,XX,487.15,498.35,486.75,498.35,498.35,5,19.6,22400,-800,10-OCT-2018,
FUTSTK,TATACOMM,29-Nov-2018,0,XX,483.05,490.9,483,490.9,488.45,4,15.52,20800,-1600,11-OCT-2018,
FUTSTK,TATACOMM,29-Nov-2018,0,XX,493,493,493,493,489.45,1,3.94,20800,0,12-OCT-2018,
FUTSTK,TATACOMM,29-Nov-2018,0,XX,496.3,519.05,496.3,518.15,518.15,18,73.11,25600,4800,15-OCT-2018,
FUTSTK,TATACOMM,29-Nov-2018,0,XX,507.5,507.5,487.7,490.4,490.4,62,246.7,36800,11200,16-OCT-2018,
FUTSTK,TATACOMM,29-Nov-2018,0,XX,488,489.5,473.25,473.55,473.55,95,366.64,56800,20000,17-OCT-2018,
FUTSTK,TATACOMM,29-Nov-2018,0,XX,477.05,478,445.9,457.7,457.7,258,941.18,129600,72800,19-OCT-2018,
FUTSTK,TATACOMM,29-Nov-2018,0,XX,456.3,459.5,447.1,450,450,442,1604.66,347200,217600,22-OCT-2018,
FUTSTK,TATACOMM,29-Nov-2018,0,XX,445,466.95,442.4,455.05,455.05,1131,4150.4,908000,560800,23-OCT-2018,
FUTSTK,TATACOMM,29-Nov-2018,0,XX,455.5,465,445.95,459.15,459.15,2501,9161.34,2348000,1440000,24-OCT-2018,
FUTSTK,TATACOMM,29-Nov-2018,0,XX,453,460.05,444.85,449.9,449.9,1752,6340.29,2826400,478400,25-OCT-2018,
FUTSTK,TATACOMM,27-Dec-2018,0,XX,0,0,0,452.25,452.2,0,0,8800,0,26-OCT-2018,
FUTSTK,TATACOMM,27-Dec-2018,0,XX,469.25,469.25,469.25,469.25,471.9,1,3.75,9600,800,29-OCT-2018,
FUTSTK,TATACOMM,27-Dec-2018,0,XX,480,485,472.25,475.35,475.35,28,107.1,11200,1600,30-OCT-2018,
FUTSTK,TATACOMM,27-Dec-2018,0,XX,471.35,486.75,471.35,486.75,497.25,4,15.42,10400,-800,31-OCT-2018,
FUTSTK,TATACOMM,27-Dec-2018,0,XX,497.25,502.3,497.25,502.3,502.3,6,23.99,12000,1600,01-NOV-2018,
FUTSTK,TATACOMM,27-Dec-2018,0,XX,490.9,496.8,488,495.4,495.4,21,82.64,16800,4800,02-NOV-2018,
FUTSTK,TATACOMM,27-Dec-2018,0,XX,496.7,496.7,496.7,496.7,500.6,1,3.97,17600,800,05-NOV-2018,
FUTSTK,TATACOMM,27-Dec-2018,0,XX,510.1,513.85,502,508.6,508.6,12,48.88,16800,-800,06-NOV-2018,
FUTSTK,TATACOMM,27-Dec-2018,0,XX,513.35,518.25,511,518.25,518.25,16,65.8,24800,7200,09-NOV-2018,
FUTSTK,TATACOMM,27-Dec-2018,0,XX,514.35,516.95,514.3,516.95,519.95,4,16.49,28000,3200,12-NOV-2018,
FUTSTK,TATACOMM,27-Dec-2018,0,XX,505,505,503.7,504.7,521.55,4,16.13,30400,2400,13-NOV-2018,
FUTSTK,TATACOMM,27-Dec-2018,0,XX,0,0,0,504.7,529.65,7,29.43,34400,4000,14-NOV-2018,
FUTSTK,TATACOMM,27-Dec-2018,0,XX,520.45,523.4,518.8,522.4,522.4,12,50.06,35200,800,15-NOV-2018,
FUTSTK,TATACOMM,27-Dec-2018,0,XX,534.15,551,534.15,550.65,550.65,19,82.14,46400,11200,16-NOV-2018,
FUTSTK,TATACOMM,27-Dec-2018,0,XX,539.8,541.85,539.65,541.1,542.25,8,34.63,48800,2400,19-NOV-2018,
FUTSTK,TATACOMM,27-Dec-2018,0,XX,536.2,536.35,533,535.8,535.8,23,98.02,54400,5600,20-NOV-2018,
FUTSTK,TATACOMM,27-Dec-2018,0,XX,529,538.3,529,537.35,537.35,27,115.24,72000,17600,21-NOV-2018,
FUTSTK,TATACOMM,27-Dec-2018,0,XX,534.85,544.15,528,529.9,529.9,38,162.89,85600,13600,22-NOV-2018,
FUTSTK,TATACOMM,27-Dec-2018,0,XX,535,536.95,530,533.95,533.95,1136,4843.51,895200,809600,26-NOV-2018,
FUTSTK,TATACOMM,27-Dec-2018,0,XX,531,539.45,528.7,536.6,536.6,1347,5751.15,1629600,734400,27-NOV-2018,
FUTSTK,TATACOMM,27-Dec-2018,0,XX,536,537.3,523,525.05,525.05,909,3864.05,2075200,445600,28-NOV-2018,
FUTSTK,TATACOMM,27-Dec-2018,0,XX,531.75,536.65,526,531.9,531.9,1078,4589.16,2548800,473600,29-NOV-2018,
FUTSTK,TATACOMM,31-Jan-2019,0,XX,530.05,530.05,530,530,544.95,2,10.6,8000,2000,30-NOV-2018,
FUTSTK,TATACOMM,31-Jan-2019,0,XX,532.95,532.95,530.6,531.65,531.65,6,31.89,9000,1000,03-DEC-2018,
FUTSTK,TATACOMM,31-Jan-2019,0,XX,528.6,528.65,525.05,525.05,530.65,4,21.07,9000,0,04-DEC-2018,
FUTSTK,TATACOMM,31-Jan-2019,0,XX,0,0,0,525.05,523.35,0,0,9000,0,05-DEC-2018,
FUTSTK,TATACOMM,31-Jan-2019,0,XX,514.9,514.9,509.4,510.15,518,6,30.71,11000,2000,06-DEC-2018,
FUTSTK,TATACOMM,31-Jan-2019,0,XX,0,0,0,510.15,527.85,0,0,11000,0,07-DEC-2018,
FUTSTK,TATACOMM,31-Jan-2019,0,XX,513.9,514.6,513,513,514.8,3,15.41,12000,1000,10-DEC-2018,
FUTSTK,TATACOMM,31-Jan-2019,0,XX,508.9,525.35,508.9,525.1,525.1,15,77.45,19000,7000,11-DEC-2018,
FUTSTK,TATACOMM,31-Jan-2019,0,XX,529.05,532,529,532,537.65,4,21.19,23000,4000,12-DEC-2018,
FUTSTK,TATACOMM,31-Jan-2019,0,XX,532.25,532.9,530,530,532.15,26,138.07,41000,18000,13-DEC-2018,
FUTSTK,TATACOMM,31-Jan-2019,0,XX,530.8,544.15,530.8,536.65,537.9,15,80.76,46000,5000,14-DEC-2018,
FUTSTK,TATACOMM,31-Jan-2019,0,XX,537.05,540,531.55,533.35,538,16,85.8,57000,11000,17-DEC-2018,
FUTSTK,TATACOMM,31-Jan-2019,0,XX,535.9,537.95,530.9,536.6,536.6,12,64.18,63000,6000,18-DEC-2018,
FUTSTK,TATACOMM,31-Jan-2019,0,XX,539.2,554.65,536.85,553.45,553.45,49,266.36,80000,17000,19-DEC-2018,
FUTSTK,TATACOMM,31-Jan-2019,0,XX,548.15,560.65,546.15,549.65,549.65,271,1499.26,186000,106000,20-DEC-2018,
FUTSTK,TATACOMM,31-Jan-2019,0,XX,552.7,556.25,521,524.05,524.05,444,2369.55,375000,189000,21-DEC-2018,
FUTSTK,TATACOMM,31-Jan-2019,0,XX,521.65,541.65,517.3,528.7,528.7,1591,8411.8,1408000,1033000,24-DEC-2018,
FUTSTK,TATACOMM,31-Jan-2019,0,XX,521.65,521.9,509.25,513.65,513.65,1344,6901.14,2054000,646000,26-DEC-2018,
FUTSTK,TATACOMM,31-Jan-2019,0,XX,510,532.35,510,524.3,524.3,2224,11595.34,2506000,452000,27-DEC-2018,
FUTSTK,TATACOMM,28-Feb-2019,0,XX,529.9,529.9,529.9,528.45,528.45,2,10.58,7000,0,28-DEC-2018,
FUTSTK,TATACOMM,28-Feb-2019,0,XX,0,0,0,528.45,530.7,0,0,7000,0,31-DEC-2018,
FUTSTK,TATACOMM,28-Feb-2019,0,XX,0,0,0,528.45,528.5,0,0,7000,0,01-JAN-2019,
FUTSTK,TATACOMM,28-Feb-2019,0,XX,0,0,0,528.45,527.5,0,0,7000,0,02-JAN-2019,
FUTSTK,TATACOMM,28-Feb-2019,0,XX,543.15,543.2,543.15,543.2,542.25,2,10.86,7000,0,03-JAN-2019,
FUTSTK,TATACOMM,28-Feb-2019,0,XX,544.25,544.4,534.35,536.5,536.5,15,80.82,16000,9000,04-JAN-2019,
FUTSTK,TATACOMM,28-Feb-2019,0,XX,0,0,0,536.5,534.6,0,0,16000,0,07-JAN-2019,
FUTSTK,TATACOMM,28-Feb-2019,0,XX,535.55,536.35,533.35,533.35,533.2,10,53.54,11000,-5000,08-JAN-2019,
FUTSTK,TATACOMM,28-Feb-2019,0,XX,0,0,0,533.35,526.25,0,0,11000,0,09-JAN-2019,
FUTSTK,TATACOMM,28-Feb-2019,0,XX,527.9,527.9,516.5,516.5,523.35,2,10.44,13000,2000,10-JAN-2019,
FUTSTK,TATACOMM,28-Feb-2019,0,XX,514.95,524.9,514.95,522.55,522.55,11,57.07,16000,3000,11-JAN-2019,
FUTSTK,TATACOMM,28-Feb-2019,0,XX,515.5,515.5,514.2,514.2,514.2,10,51.7,21000,5000,14-JAN-2019,
FUTSTK,TATACOMM,28-Feb-2019,0,XX,519.05,522.65,519.05,519.45,520.4,9,46.85,19000,-2000,15-JAN-2019,
FUTSTK,TATACOMM,28-Feb-2019,0,XX,530.5,540.45,530.5,537.15,537.15,8,42.92,18000,-1000,16-JAN-2019,
FUTSTK,TATACOMM,28-Feb-2019,0,XX,534.85,536.6,530.7,530.7,535.85,5,26.69,16000,-2000,17-JAN-2019,
FUTSTK,TATACOMM,28-Feb-2019,0,XX,538.4,543.95,520.1,520.1,520.1,26,139.66,18000,2000,18-JAN-2019,
FUTSTK,TATACOMM,28-Feb-2019,0,XX,521.05,523.35,515.95,516.55,516.55,22,114.16,32000,14000,21-JAN-2019,
FUTSTK,TATACOMM,28-Feb-2019,0,XX,519.8,522.3,514.35,519.65,519.65,27,140.1,42000,10000,22-JAN-2019,
FUTSTK,TATACOMM,28-Feb-2019,0,XX,520.1,521,518.5,518.55,519.05,12,62.41,46000,4000,23-JAN-2019,
FUTSTK,TATACOMM,28-Feb-2019,0,XX,521.9,529.1,520.4,526,526,50,262.46,58000,12000,24-JAN-2019,
FUTSTK,TATACOMM,28-Feb-2019,0,XX,525.8,525.8,486.1,494.35,494.35,437,2181.56,208000,150000,25-JAN-2019,
FUTSTK,TATACOMM,28-Feb-2019,0,XX,471.1,510.3,471.1,502.55,502.55,865,4350.45,913000,705000,28-JAN-2019,
FUTSTK,TATACOMM,28-Feb-2019,0,XX,495,506.25,493.3,497.55,497.55,1211,6027.59,1683000,770000,29-JAN-2019,
FUTSTK,TATACOMM,28-Feb-2019,0,XX,498.25,513.5,483.5,487.25,487.25,2694,13291.25,2527000,844000,30-JAN-2019,
FUTSTK,TATACOMM,28-Feb-2019,0,XX,498,514.8,495.15,499.2,499.2,2023,10135.16,2762000,235000,31-JAN-2019,
FUTSTK,TATACOMM,28-Mar-2019,0,XX,504.75,508.4,495.5,495.5,504.7,14,70.59,32000,6000,01-FEB-2019,
FUTSTK,TATACOMM,28-Mar-2019,0,XX,0,0,0,495.5,500.1,0,0,32000,0,04-FEB-2019,
FUTSTK,TATACOMM,28-Mar-2019,0,XX,496.9,496.9,492.7,492.7,500.15,4,19.76,36000,4000,05-FEB-2019,
FUTSTK,TATACOMM,28-Mar-2019,0,XX,0,0,0,492.7,494.7,0,0,36000,0,06-FEB-2019,
FUTSTK,TATACOMM,28-Mar-2019,0,XX,494,494,494,494,495.5,1,4.94,36000,0,07-FEB-2019,
FUTSTK,TATACOMM,28-Mar-2019,0,XX,480.5,486.9,480.5,486.9,495.55,2,9.67,38000,2000,08-FEB-2019,
FUTSTK,TATACOMM,28-Mar-2019,0,XX,479.6,479.6,479.6,479.6,486.75,1,4.79,38000,0,11-FEB-2019,
FUTSTK,TATACOMM,28-Mar-2019,0,XX,489.6,489.6,489.6,489.6,488.95,1,4.89,38000,0,12-FEB-2019,
FUTSTK,TATACOMM,28-Mar-2019,0,XX,497.3,503.5,497.3,503.5,503.5,3,14.98,40000,2000,13-FEB-2019,
FUTSTK,TATACOMM,28-Mar-2019,0,XX,499.1,507.45,498.35,503.45,503.45,36,180.93,46000,6000,14-FEB-2019,
FUTSTK,TATACOMM,28-Mar-2019,0,XX,501.35,505,498.95,499.1,499.1,46,230.98,75000,29000,15-FEB-2019,
FUTSTK,TATACOMM,28-Mar-2019,0,XX,498.4,505.35,497.6,506.25,506.25,17,85.33,77000,2000,18-FEB-2019,
FUTSTK,TATACOMM,28-Mar-2019,0,XX,507.35,513.5,504.55,507.55,507.55,20,101.81,76000,-1000,19-FEB-2019,
FUTSTK,TATACOMM,28-Mar-2019,0,XX,513.55,523.65,513.55,522.5,522.5,74,383.91,96000,20000,20-FEB-2019,
FUTSTK,TATACOMM,28-Mar-2019,0,XX,521,528,516.55,527.75,527.75,57,297.97,103000,7000,21-FEB-2019,
FUTSTK,TATACOMM,28-Mar-2019,0,XX,525.9,541.1,524.25,536.8,536.8,153,817.7,139000,36000,22-FEB-2019,
FUTSTK,TATACOMM,28-Mar-2019,0,XX,537,558.05,532,554.35,554.35,1111,6050.68,979000,840000,25-FEB-2019,
FUTSTK,TATACOMM,28-Mar-2019,0,XX,550.1,576.65,546.05,573.15,573.15,1614,9088.82,1626000,647000,26-FEB-2019,
FUTSTK,TATACOMM,28-Mar-2019,0,XX,576.5,590.85,573.75,586.1,586.1,1633,9530.38,2204000,578000,27-FEB-2019,
FUTSTK,TATACOMM,28-Mar-2019,0,XX,590,599.3,583,589.85,589.85,2326,13748.87,2517000,313000,28-FEB-2019,
FUTSTK,TATACOMM,25-Apr-2019,0,XX,588.15,598,588.15,597.55,597.55,14,82.86,17000,6000,01-MAR-2019,
FUTSTK,TATACOMM,25-Apr-2019,0,XX,598.35,606.65,598.3,601.9,601.9,214,1287.96,226000,209000,05-MAR-2019,
FUTSTK,TATACOMM,25-Apr-2019,0,XX,609.9,624.4,609.9,615.45,615.45,26,160.36,225000,-1000,06-MAR-2019,
FUTSTK,TATACOMM,25-Apr-2019,0,XX,615.3,618.2,615.25,615.8,617.6,12,73.9,233000,8000,07-MAR-2019,
FUTSTK,TATACOMM,25-Apr-2019,0,XX,614.1,621.55,613.15,618.4,618.4,11,67.87,232000,-1000,08-MAR-2019,
FUTSTK,TATACOMM,25-Apr-2019,0,XX,617,619.5,611.25,614.55,614.55,13,79.96,238000,6000,11-MAR-2019,
FUTSTK,TATACOMM,25-Apr-2019,0,XX,618.6,626.3,618,622.05,622.05,15,93.08,241000,3000,12-MAR-2019,
FUTSTK,TATACOMM,25-Apr-2019,0,XX,616.4,616.4,603.6,603.6,603.6,13,79.31,236000,-5000,13-MAR-2019,
FUTSTK,TATACOMM,25-Apr-2019,0,XX,599.5,613.85,597.05,613.1,613.1,14,84.58,243000,7000,14-MAR-2019,
FUTSTK,TATACOMM,25-Apr-2019,0,XX,608.85,617.5,608.85,612.45,612.45,14,85.77,249000,6000,15-MAR-2019,
FUTSTK,TATACOMM,25-Apr-2019,0,XX,612.15,620,608,609.85,609.85,23,141.02,249000,0,18-MAR-2019,
FUTSTK,TATACOMM,25-Apr-2019,0,XX,613.75,614.9,607.25,612.45,610.35,17,103.94,256000,7000,19-MAR-2019,
FUTSTK,TATACOMM,25-Apr-2019,0,XX,610,620.25,610,616.1,616.1,29,178.56,267000,11000,20-MAR-2019,
FUTSTK,TATACOMM,25-Apr-2019,0,XX,618,618,603.2,604.35,604.35,134,814.11,316000,49000,22-MAR-2019,
FUTSTK,TATACOMM,25-Apr-2019,0,XX,595.25,602.25,594.5,598.2,598.2,555,3317.24,710000,394000,25-MAR-2019,
FUTSTK,TATACOMM,25-Apr-2019,0,XX,602,607.25,595.2,603.05,603.05,899,5391.03,1311000,601000,26-MAR-2019,
FUTSTK,TATACOMM,25-Apr-2019,0,XX,608.45,609,599.2,606.2,606.2,1328,8031.43,2217000,906000,27-MAR-2019,
FUTSTK,TATACOMM,25-Apr-2019,0,XX,604.1,616.95,601.55,613.75,613.75,1101,6711.06,2685000,468000,28-MAR-2019,
FUTSTK,TATACOMM,30-May-2019,0,XX,617,621.35,616.95,619.45,619.45,9,55.73,216000,3000,29-MAR-2019,
FUTSTK,TATACOMM,30-May-2019,0,XX,615,617,615,616.95,618.35,7,43.15,220000,4000,01-APR-2019,
FUTSTK,TATACOMM,30-May-2019,0,XX,621.45,625.5,609.4,611.3,611.3,16,99.24,226000,6000,02-APR-2019,
FUTSTK,TATACOMM,30-May-2019,0,XX,612.9,612.9,605.6,605.6,605.6,8,48.75,231000,5000,03-APR-2019,
FUTSTK,TATACOMM,30-May-2019,0,XX,599.5,599.5,596.6,596.6,602.3,2,11.96,232000,1000,04-APR-2019,
FUTSTK,TATACOMM,30-May-2019,0,XX,612.5,614.6,612.2,612.2,609.9,5,30.68,230000,-2000,05-APR-2019,
FUTSTK,TATACOMM,30-May-2019,0,XX,605,605,596,598.5,598.5,64,384.57,175000,-55000,08-APR-2019,
FUTSTK,TATACOMM,30-May-2019,0,XX,598,598,586,588.8,588.8,62,365.41,139000,-36000,09-APR-2019,
FUTSTK,TATACOMM,30-May-2019,0,XX,591.4,591.85,589.55,586.35,586.35,42,246.36,105000,-34000,10-APR-2019,
FUTSTK,TATACOMM,30-May-2019,0,XX,590.15,592.65,587.65,591.55,591.8,19,112.05,105000,0,11-APR-2019,
FUTSTK,TATACOMM,30-May-2019,0,XX,590,591,589,591,591,69,407.75,46000,-59000,12-APR-2019,
FUTSTK,TATACOMM,30-May-2019,0,XX,588.1,589.75,585.05,586.05,586.05,92,539.82,93000,47000,15-APR-2019,
FUTSTK,TATACOMM,30-May-2019,0,XX,590.8,591.75,582,582.95,582.95,32,188.54,106000,13000,16-APR-2019,
FUTSTK,TATACOMM,30-May-2019,0,XX,585.95,587.7,574.55,577.3,577.3,252,1457.96,302000,196000,18-APR-2019,
FUTSTK,TATACOMM,30-May-2019,0,XX,568,590,568,583.95,583.95,463,2711.84,537000,235000,22-APR-2019,
FUTSTK,TATACOMM,30-May-2019,0,XX,577.4,584.5,573.65,581.65,581.65,977,5662.24,1088000,551000,23-APR-2019,
FUTSTK,TATACOMM,30-May-2019,0,XX,578.15,588,574.2,584.4,584.4,932,5392.45,1619000,531000,24-APR-2019,
FUTSTK,TATACOMM,30-May-2019,0,XX,581.9,587,574,576.75,576.75,1299,7535.55,2277000,658000,25-APR-2019,
FUTSTK,TATACOMM,27-Jun-2019,0,XX,0,0,0,574.95,571,0,0,5000,0,26-APR-2019,
FUTSTK,TATACOMM,27-Jun-2019,0,XX,0,0,0,574.95,567.55,1,5.67,5000,0,30-APR-2019,
FUTSTK,TATACOMM,27-Jun-2019,0,XX,574.2,574.3,574.2,574.3,577.4,3,17.22,8000,3000,02-MAY-2019,
FUTSTK,TATACOMM,27-Jun-2019,0,XX,573.25,573.25,573.25,573.25,558,1,5.73,8000,0,03-MAY-2019,
FUTSTK,TATACOMM,27-Jun-2019,0,XX,0,0,0,573.25,569.6,0,0,8000,0,06-MAY-2019,
FUTSTK,TATACOMM,27-Jun-2019,0,XX,577.8,577.8,577.8,577.8,573.35,1,5.77,8000,0,07-MAY-2019,
FUTSTK,TATACOMM,27-Jun-2019,0,XX,0,0,0,577.8,564.5,0,0,8000,0,08-MAY-2019,
FUTSTK,TATACOMM,27-Jun-2019,0,XX,558.7,562.05,555,560.55,558.4,9,50.32,12000,4000,09-MAY-2019,
FUTSTK,TATACOMM,27-Jun-2019,0,XX,561.65,564.65,561,561,563.15,11,61.84,19000,7000,10-MAY-2019,
FUTSTK,TATACOMM,27-Jun-2019,0,XX,550.5,550.5,550.15,550.35,550.35,2,11,19000,0,13-MAY-2019,
FUTSTK,TATACOMM,27-Jun-2019,0,XX,551,558,549.5,558,554.2,16,88.58,28000,9000,14-MAY-2019,
FUTSTK,TATACOMM,27-Jun-2019,0,XX,553.8,556.6,553.8,554.4,554.4,4,22.19,29000,1000,15-MAY-2019,
FUTSTK,TATACOMM,27-Jun-2019,0,XX,548.9,548.9,541.75,544.1,544.9,64,349.02,39000,10000,16-MAY-2019,
FUTSTK,TATACOMM,27-Jun-2019,0,XX,546,558.7,546,558.7,557.5,8,44.28,43000,4000,17-MAY-2019,
FUTSTK,TATACOMM,27-Jun-2019,0,XX,574,574,554.8,556.1,556.1,59,328.46,65000,22000,20-MAY-2019,
FUTSTK,TATACOMM,27-Jun-2019,0,XX,553.5,554,544.15,544.7,544.7,29,159.68,60000,-5000,21-MAY-2019,
FUTSTK,TATACOMM,27-Jun-2019,0,XX,542,542,538,538.75,538.75,32,172.38,53000,-7000,22-MAY-2019,
FUTSTK,TATACOMM,27-Jun-2019,0,XX,540,544.95,533,534.75,534.75,58,311.47,56000,3000,23-MAY-2019,
FUTSTK,TATACOMM,27-Jun-2019,0,XX,535,555.75,535,554.05,554.05,174,949.63,114000,58000,24-MAY-2019,
FUTSTK,TATACOMM,27-Jun-2019,0,XX,560.65,563,552.1,558.45,558.45,303,1686.37,332000,218000,27-MAY-2019,
FUTSTK,TATACOMM,27-Jun-2019,0,XX,554.5,573.15,554,560.35,560.35,1336,7535.3,1228000,896000,28-MAY-2019,
FUTSTK,TATACOMM,27-Jun-2019,0,XX,558.7,559.75,536.75,548.55,548.55,1071,5903.44,1768000,540000,29-MAY-2019,
FUTSTK,TATACOMM,27-Jun-2019,0,XX,547.15,554.95,545.5,552.75,552.75,757,4169.72,1922000,154000,30-MAY-2019,
