SYMBOL,SERIES,OPEN,HIGH,LOW,CLOSE,LAST,PREVCLOSE,TOTTRDQTY,TOTTRDVAL,TIMESTAMP,TOTALTRADES,ISIN
AUBANK,EQ,530,547,523.7,541.65,536.75,525,10585689,5675821262.65,10-JUL-2017,99367,INE949L01017
AUBANK,EQ,537,574.65,532.4,567.25,571,541.65,14286312,8044175377.65,11-JUL-2017,217405,INE949L01017,
AUBANK,EQ,576.45,642.7,575,629.55,639,567.25,17774578,10826426062.55,12-JUL-2017,264493,INE949L01017,
AUBANK,EQ,652,698.95,630.1,691.15,690.35,629.55,21875197,14686104483.5,13-JUL-2017,316633,INE949L01017,
AUBANK,EQ,697.8,725.5,561.1,598.8,597,691.15,33648384,21586338540.45,14-JUL-2017,563696,INE949L01017,
AUBANK,EQ,590,613.7,562.35,596.1,595,598.8,11510790,6813518855.35,17-JUL-2017,203465,INE949L01017,
AUBANK,EQ,590,603,581.1,588.9,585.5,596.1,3549898,2100762813.1,18-JUL-2017,64378,INE949L01017,
AUBANK,EQ,591.95,601.5,584.1,586.95,585.1,588.9,1791992,1061247277.1,19-JUL-2017,33680,INE949L01017,
AUBANK,EQ,588,598.95,577.1,582.6,582.5,586.95,3055040,1791219476,20-JUL-2017,49613,INE949L01017,
AUBANK,EQ,584,595,580.2,583.45,582.95,582.6,1438938,843846099.4,21-JUL-2017,27315,INE949L01017,
AUBANK,EQ,586.5,590.95,576,586.4,590.95,583.45,1489789,872480069.6,24-JUL-2017,21600,INE949L01017,
AUBANK,EQ,589.95,612,588.95,602.05,599.65,586.4,3090370,1866949697.3,25-JUL-2017,54822,INE949L01017,
AUBANK,EQ,597.9,598.45,580,581.85,581.65,595,849208,498317511.85,27-JUL-2017,15000,INE949L01017,
AUBANK,EQ,578,598.75,570,588.5,587.25,581.85,2331948,1368613502.3,28-JUL-2017,39710,INE949L01017,
AUBANK,EQ,590,595,578.15,590.6,590,588.5,1050079,617506997.55,31-JUL-2017,18460,INE949L01017,
AUBANK,EQ,592,592.5,583,585.9,585.4,590.6,422157,247692696.1,01-AUG-2017,7496,INE949L01017,
AUBANK,EQ,582.2,589.9,580,582,580,585.9,465458,272392062.25,02-AUG-2017,8381,INE949L01017,
AUBANK,EQ,582,585.5,548.1,558.5,561,582,740392,421403083.75,03-AUG-2017,14106,INE949L01017,
AUBANK,EQ,560.4,560.4,541.75,554.3,555.6,558.5,701556,387528679.8,04-AUG-2017,14206,INE949L01017,
AUBANK,EQ,550,581.45,496.25,551.4,551,554.3,7352471,4023461194.05,07-AUG-2017,116052,INE949L01017,
AUBANK,EQ,553.45,578.3,548.55,568.35,570.4,551.4,2371678,1341518368.7,08-AUG-2017,51437,INE949L01017,
AUBANK,EQ,565,565,541,549.9,546.1,568.35,1387103,765186921.65,09-AUG-2017,29030,INE949L01017,
AUBANK,EQ,515,550.7,502,542.8,548.55,549.9,3199711,1708535329.7,10-AUG-2017,60262,INE949L01017,
AUBANK,EQ,532,547.85,525.15,541.5,540.5,542.8,839237,452140375.75,11-AUG-2017,17305,INE949L01017,
AUBANK,EQ,545.2,555,537,540.4,540,541.5,588097,320305170.65,14-AUG-2017,17021,INE949L01017,
AUBANK,EQ,545.1,551.8,540.3,544.1,543.9,540.4,487988,266666405.2,16-AUG-2017,15151,INE949L01017,
AUBANK,EQ,546.4,552.5,542.1,543.5,543.4,544.1,325873,178060992.7,17-AUG-2017,7307,INE949L01017,
AUBANK,EQ,541.4,549,535,537.75,536,543.5,286880,154830212.3,18-AUG-2017,8239,INE949L01017,
AUBANK,EQ,540.75,546.5,537.35,540.2,541,537.75,537489,290980287.8,21-AUG-2017,9097,INE949L01017,
AUBANK,EQ,542.8,544.25,527.7,529.5,528.25,540.2,471540,251082871.15,22-AUG-2017,7460,INE949L01017,
AUBANK,EQ,531.8,533,522,525.25,525,529.5,255288,134569215.5,23-AUG-2017,5895,INE949L01017,
AUBANK,EQ,526.75,535,524.05,532.85,530.9,525.25,486024,257311595.55,24-AUG-2017,14312,INE949L01017,
AUBANK,EQ,533.25,541.25,528,537.95,535.5,532.85,500688,268699750.8,28-AUG-2017,10747,INE949L01017,
AUBANK,EQ,531,558.8,531,544.8,548,537.95,824901,451360302.5,29-AUG-2017,19342,INE949L01017,
AUBANK,EQ,550,557.75,548.45,550.85,550,544.8,356147,196693573.9,30-AUG-2017,9729,INE949L01017,
AUBANK,EQ,549.8,556.45,546,549.45,547,550.85,290104,159740775.2,31-AUG-2017,6638,INE949L01017,
AUBANK,EQ,551,570,547.55,552.3,551,549.45,882994,492558862.95,01-SEP-2017,24844,INE949L01017,
AUBANK,EQ,555.75,564.3,542.05,557,555.6,552.3,591385,329380838.15,04-SEP-2017,11750,INE949L01017,
AUBANK,EQ,560.1,576.5,553.15,573.15,572,557,994612,565266576.25,05-SEP-2017,14892,INE949L01017,
AUBANK,EQ,568,578,563.6,567.85,566.9,573.15,578677,330423697.4,06-SEP-2017,12355,INE949L01017,
AUBANK,EQ,571.25,576,555,558.7,557,567.85,407726,231303599.9,07-SEP-2017,8875,INE949L01017,
AUBANK,EQ,561,565.5,550,554.35,554,558.7,415958,231616613.7,08-SEP-2017,8850,INE949L01017,
AUBANK,EQ,558.75,564.9,551,558.6,557.3,554.35,348502,194447513.4,11-SEP-2017,8786,INE949L01017,
AUBANK,EQ,560,560.45,551.05,555.65,554.15,558.6,234107,130042749.9,12-SEP-2017,6092,INE949L01017,
AUBANK,EQ,556.9,560,551.05,557.5,557.25,555.65,238299,132387933.8,13-SEP-2017,5030,INE949L01017,
AUBANK,EQ,559,564.3,552.7,554.1,553.9,557.5,179895,100306398.65,14-SEP-2017,5041,INE949L01017,
AUBANK,EQ,551.8,572,550.45,567.25,564.9,554.1,504402,283702147.25,15-SEP-2017,11468,INE949L01017,
AUBANK,EQ,569,576,559,562.7,559.6,567.25,411976,234389426.55,18-SEP-2017,9898,INE949L01017,
AUBANK,EQ,562.8,562.8,551,553.05,552.5,562.7,465633,258743006.45,19-SEP-2017,13252,INE949L01017,
AUBANK,EQ,556.8,558,546.35,549.9,547.5,553.05,607148,334781160.15,20-SEP-2017,7462,INE949L01017,
AUBANK,EQ,551.2,560.8,546,553.7,553.75,549.9,493229,271950122.65,21-SEP-2017,5077,INE949L01017,
AUBANK,EQ,551.9,551.9,541,545.95,546.35,553.7,284570,155352739.45,22-SEP-2017,5750,INE949L01017,
AUBANK,EQ,549.6,557.5,528.5,553.5,557.2,545.95,448008,244828130.65,25-SEP-2017,6736,INE949L01017,
AUBANK,EQ,556.1,563.6,544.65,560.1,560,553.5,562972,310141089.6,26-SEP-2017,7902,INE949L01017,
AUBANK,EQ,560.9,563.4,551.65,558.65,557.8,560.1,419121,233508517.45,27-SEP-2017,8292,INE949L01017,
AUBANK,EQ,556,559.8,550.1,557.15,555,558.65,379248,209739127.3,28-SEP-2017,6764,INE949L01017,
AUBANK,EQ,558.95,577.9,550.1,568.6,567,557.15,396142,223775994.75,29-SEP-2017,8775,INE949L01017,
AUBANK,EQ,569.2,573.35,557.55,562.55,566,568.6,535457,302199114.35,03-OCT-2017,5374,INE949L01017,
AUBANK,EQ,567.9,572.85,560.1,563.3,563,562.55,166260,94078462.3,04-OCT-2017,4448,INE949L01017,
AUBANK,EQ,562,590,562,585.75,588,563.3,867437,502047695.75,05-OCT-2017,14301,INE949L01017,
AUBANK,EQ,590.4,623,586.2,615.05,612,585.75,1921968,1164742085.75,06-OCT-2017,28718,INE949L01017,
AUBANK,EQ,610.9,611.5,587.1,591.4,591,615.05,623692,372940502,09-OCT-2017,10243,INE949L01017,
AUBANK,EQ,594.8,594.95,576,580.8,580.5,591.4,339224,197793409.45,10-OCT-2017,5963,INE949L01017,
AUBANK,EQ,582.1,587.3,577.65,581.6,583.65,580.8,564042,328452672.55,11-OCT-2017,6040,INE949L01017,
AUBANK,EQ,585.9,586.15,570.15,581.35,582,581.6,240905,139534471.55,12-OCT-2017,4657,INE949L01017,
AUBANK,EQ,582.3,596,577.5,585.7,585,581.35,454782,266493427.25,13-OCT-2017,6201,INE949L01017,
AUBANK,EQ,589,614.4,584,607.25,605.9,585.7,1007564,608793049.2,16-OCT-2017,18356,INE949L01017,
AUBANK,EQ,605.6,609.8,598.45,604.35,602.6,607.25,271420,164088803.75,17-OCT-2017,7090,INE949L01017,
AUBANK,EQ,600,609,588.2,591.7,592,604.35,314010,187048738.15,18-OCT-2017,5473,INE949L01017,
AUBANK,EQ,600,605.95,595.3,598.5,596.3,600.9,379839,228136863.25,23-OCT-2017,7226,INE949L01017,
AUBANK,EQ,598,601.95,591.5,593.4,591.5,598.5,129672,77178346.15,24-OCT-2017,3058,INE949L01017,
AUBANK,EQ,590,598,564,570.25,573.5,593.4,733135,419476591.55,25-OCT-2017,7614,INE949L01017,
AUBANK,EQ,574.8,589.85,572,581.35,580,570.25,169128,98346752.65,26-OCT-2017,4812,INE949L01017,
AUBANK,EQ,587.8,604,586,591.8,590,581.35,422430,251894694.9,27-OCT-2017,10058,INE949L01017,
AUBANK,EQ,593,599,571,587.95,592.65,591.8,813988,475815169.65,30-OCT-2017,11332,INE949L01017,
AUBANK,EQ,588,595.35,580.1,581.75,581.7,587.95,226989,132817302.15,31-OCT-2017,6299,INE949L01017,
AUBANK,EQ,590.95,592,580,589.3,588,581.75,294687,172680610.95,01-NOV-2017,7293,INE949L01017,
AUBANK,EQ,597,619.5,597,610.25,608,589.3,927453,567380456.15,02-NOV-2017,30243,INE949L01017,
AUBANK,EQ,620,620,610.95,614.9,613,610.25,537207,330404561.1,03-NOV-2017,18221,INE949L01017,
AUBANK,EQ,617.95,622,607.9,615.2,616,614.9,322901,198857237.05,06-NOV-2017,20449,INE949L01017,
AUBANK,EQ,618.3,620.2,598,611.45,614.2,615.2,344166,209585848.95,07-NOV-2017,18257,INE949L01017,
AUBANK,EQ,611,623.8,609,611.85,610.85,611.45,319555,196930322.9,08-NOV-2017,15193,INE949L01017,
AUBANK,EQ,613,628,613,623.75,623.1,611.85,416783,259041680.1,09-NOV-2017,24829,INE949L01017,
AUBANK,EQ,618,623,600,604.95,601,623.75,286913,175868328.75,10-NOV-2017,10267,INE949L01017,
AUBANK,EQ,605,618,595.1,614.7,615,604.95,375118,228540582.35,13-NOV-2017,13021,INE949L01017,
AUBANK,EQ,620,624.9,616.05,623.6,624.25,614.7,267493,166393719.2,14-NOV-2017,15567,INE949L01017,
AUBANK,EQ,608,629.9,608,625.95,627.7,623.6,222125,138616163.25,15-NOV-2017,10238,INE949L01017,
AUBANK,EQ,626.5,652.5,626,645.6,643.05,625.95,519416,333620375.5,16-NOV-2017,18769,INE949L01017,
AUBANK,EQ,648,679,640.1,670.45,670,645.6,663093,441983291.3,17-NOV-2017,25349,INE949L01017,
AUBANK,EQ,672,674.95,658.05,663.2,661.7,670.45,178622,118854694.3,20-NOV-2017,7753,INE949L01017,
AUBANK,EQ,669.2,674,649.2,651.5,651.95,663.2,758854,503802539.55,21-NOV-2017,10296,INE949L01017,
AUBANK,EQ,652.15,655.65,641.55,652.7,651.95,651.5,116031,75421924.05,22-NOV-2017,3529,INE949L01017,
AUBANK,EQ,658.45,673.8,650.2,665.55,662,652.7,171548,113374640.05,23-NOV-2017,5440,INE949L01017,
AUBANK,EQ,665.55,673,658,663.25,658,665.55,127651,84872501.85,24-NOV-2017,3920,INE949L01017,
AUBANK,EQ,664.9,670,655,668.55,665.25,663.25,210388,140001564.65,27-NOV-2017,4623,INE949L01017,
AUBANK,EQ,668.95,684.35,662.2,679.6,676,668.55,447722,300577048.4,28-NOV-2017,9655,INE949L01017,
AUBANK,EQ,685,698.4,681.2,689.5,689,679.6,307070,212169440.05,29-NOV-2017,11713,INE949L01017,
AUBANK,EQ,688,713,675,698.05,692.2,689.5,522966,366226086.5,30-NOV-2017,14898,INE949L01017,
AUBANK,EQ,699.7,713,691,702.1,703.5,698.05,269915,189636370.6,01-DEC-2017,16302,INE949L01017,
AUBANK,EQ,707.85,709.8,670.3,687.65,685.8,702.1,211797,145220931.35,04-DEC-2017,13210,INE949L01017,
AUBANK,EQ,687.65,690,680,684.6,683.05,687.65,157018,107574433.05,05-DEC-2017,9571,INE949L01017,
AUBANK,EQ,684.6,689.95,670.1,672.85,674.95,684.6,245518,166119342.25,06-DEC-2017,18846,INE949L01017,
AUBANK,EQ,676,683.85,670.05,677.6,677,672.85,113863,77193104.9,07-DEC-2017,8653,INE949L01017,
AUBANK,EQ,678,694,677,689.8,692,677.6,239590,164672121.05,08-DEC-2017,7501,INE949L01017,
AUBANK,EQ,694.9,731.95,688.05,712.85,714.9,689.8,684489,489147283.3,11-DEC-2017,18738,INE949L01017,
AUBANK,EQ,715,732.5,715,724.25,722.3,712.85,509886,369995106.95,12-DEC-2017,28908,INE949L01017,
AUBANK,EQ,729.65,737,695.1,699.3,695.1,724.25,257946,184538458.85,13-DEC-2017,8407,INE949L01017,
AUBANK,EQ,703.2,705.9,650.9,675.75,673.9,699.3,290855,197495953,14-DEC-2017,12627,INE949L01017,
AUBANK,EQ,685.1,693.85,660.1,670.45,670.3,675.75,1964081,1318828236.95,15-DEC-2017,51189,INE949L01017,
AUBANK,EQ,670.3,679.9,650,668.4,668,670.45,185631,124056745.35,18-DEC-2017,7702,INE949L01017,
AUBANK,EQ,673,683,663,670.7,671,668.4,172981,116526459.6,19-DEC-2017,4469,INE949L01017,
AUBANK,EQ,675,690,667.05,684.95,688.1,670.7,270255,183996815.95,20-DEC-2017,7345,INE949L01017,
AUBANK,EQ,688.1,698,680.5,683.4,681,684.95,121415,83753812.3,21-DEC-2017,5012,INE949L01017,
AUBANK,EQ,676.4,686.7,675,679.85,679.5,683.4,117513,79825577.75,22-DEC-2017,5369,INE949L01017,
AUBANK,EQ,680.75,684.8,671,679.25,678.2,679.85,57224,38811556.65,26-DEC-2017,2071,INE949L01017,
AUBANK,EQ,679,689,676.35,681.8,680.9,679.25,89107,60958015.1,27-DEC-2017,3187,INE949L01017,
AUBANK,EQ,684.9,684.9,672.6,677.55,674,681.8,82217,55785480.95,28-DEC-2017,4375,INE949L01017,
AUBANK,EQ,678,681.8,660.55,666.8,666.4,677.55,168024,112972622.15,29-DEC-2017,7840,INE949L01017,
AUBANK,EQ,669,676.2,659,662.85,661.9,666.8,92576,61860415.05,01-JAN-2018,2793,INE949L01017,
AUBANK,EQ,663,679,652.2,661.4,659.2,662.85,129760,86489665.15,02-JAN-2018,5475,INE949L01017,
AUBANK,EQ,662.15,676.4,660.6,669.75,668.55,661.4,120646,80415084.95,03-JAN-2018,5055,INE949L01017,
AUBANK,EQ,671.8,677.9,665,675,675,669.75,112010,75390543.3,04-JAN-2018,4121,INE949L01017,
AUBANK,EQ,675,704,675,699.45,700.5,675,255516,177185075.7,05-JAN-2018,7183,INE949L01017,
AUBANK,EQ,710,720,701.05,712,708,699.45,298192,212697238.35,08-JAN-2018,6791,INE949L01017,
AUBANK,EQ,710,714.5,695,699.4,703.8,712,212321,148769387.9,09-JAN-2018,3501,INE949L01017,
AUBANK,EQ,703.5,705,695.05,699.55,699.55,699.4,103219,72241182.95,10-JAN-2018,4268,INE949L01017,
AUBANK,EQ,694,725,694,709.55,709.55,699.55,268325,191269068.1,11-JAN-2018,7929,INE949L01017,
AUBANK,EQ,714.65,719.4,695.25,705.2,705,709.55,214948,151771274.65,12-JAN-2018,7006,INE949L01017,
AUBANK,EQ,710.5,714.35,703.05,708,708.55,705.2,85318,60436734.25,15-JAN-2018,3258,INE949L01017,
AUBANK,EQ,714,714,699,702.7,704,708,124473,87761003.35,16-JAN-2018,7592,INE949L01017,
AUBANK,EQ,704,710,699,709.05,708,702.7,107325,75785153.7,17-JAN-2018,6121,INE949L01017,
AUBANK,EQ,725,725,700,708.1,704,709.05,237562,169247367.5,18-JAN-2018,11367,INE949L01017,
AUBANK,EQ,714.65,741.1,705,720.4,716.4,708.1,437699,315731784.4,19-JAN-2018,10609,INE949L01017,
AUBANK,EQ,715,720.1,700,716.7,710,720.4,684257,484992722.3,22-JAN-2018,6625,INE949L01017,
AUBANK,EQ,716.85,724.05,710,712.5,710.75,716.7,80323,57442624.9,23-JAN-2018,3080,INE949L01017,
AUBANK,EQ,710,715.6,693.15,699.85,698,712.5,103671,72890738.05,24-JAN-2018,3832,INE949L01017,
AUBANK,EQ,705.75,705.75,674.9,684.25,686,699.85,81916,56439051.6,25-JAN-2018,4888,INE949L01017,
AUBANK,EQ,684.25,700,684,688.5,686,684.25,74917,51675229.75,29-JAN-2018,5845,INE949L01017,
AUBANK,EQ,693.7,693.9,674.05,679.3,684,688.5,96366,65672927.65,30-JAN-2018,4281,INE949L01017,
AUBANK,EQ,671.35,676,645.4,656.55,660,679.3,370497,242754116.25,31-JAN-2018,14286,INE949L01017,
AUBANK,EQ,652,674,648,662.9,661.6,656.55,147189,96981254.35,01-FEB-2018,8563,INE949L01017,
AUBANK,EQ,656,656,555.55,639.2,633,662.9,397396,251461302.45,02-FEB-2018,12163,INE949L01017,
AUBANK,EQ,624,634.75,604.25,618.95,624.65,639.2,612854,378370183,05-FEB-2018,21494,INE949L01017,
AUBANK,EQ,602,622.75,575.05,603.45,605.05,618.95,178813,108238167.35,06-FEB-2018,8059,INE949L01017,
AUBANK,EQ,628.8,630,600.5,608,602,603.45,126992,77251520.4,07-FEB-2018,7397,INE949L01017,
AUBANK,EQ,613.15,617.05,602.1,603.45,603.15,608,130360,79372101.8,08-FEB-2018,9483,INE949L01017,
AUBANK,EQ,585,608.25,585,593.5,592.05,603.45,111897,66617513.4,09-FEB-2018,4801,INE949L01017,
AUBANK,EQ,594,603.1,592.55,597.05,595,593.5,115759,69311567.7,12-FEB-2018,3713,INE949L01017,
AUBANK,EQ,606.9,606.9,590,593.95,591.15,597.05,126178,75120621.7,14-FEB-2018,7006,INE949L01017,
AUBANK,EQ,598.95,599.65,586.7,590.65,592,593.95,80526,47780785.75,15-FEB-2018,3370,INE949L01017,
AUBANK,EQ,592.15,595,581,583,582,590.65,77873,45509682.8,16-FEB-2018,3670,INE949L01017,
AUBANK,EQ,585.05,587.5,565,574.6,573.5,583,199051,114188675.1,19-FEB-2018,13487,INE949L01017,
AUBANK,EQ,575,582.35,567.05,575.95,575.15,574.6,197731,114254972.2,20-FEB-2018,9446,INE949L01017,
AUBANK,EQ,576,584.95,576,579.8,579,575.95,50778,29483891.55,21-FEB-2018,1963,INE949L01017,
AUBANK,EQ,575,579.3,573.9,575.75,574,579.8,33018,19031258.25,22-FEB-2018,2702,INE949L01017,
AUBANK,EQ,576.05,585.85,569,575.85,578.7,575.75,68417,39586784.85,23-FEB-2018,4020,INE949L01017,
AUBANK,EQ,580.1,599,580,592.55,592.4,575.85,111549,65833834.4,26-FEB-2018,4687,INE949L01017,
AUBANK,EQ,600,600,585,587.95,585,592.55,73100,43161480.2,27-FEB-2018,2973,INE949L01017,
AUBANK,EQ,583.95,599.8,583.95,591.2,590.85,587.95,98384,58232301.1,28-FEB-2018,3518,INE949L01017,
AUBANK,EQ,595.1,600.1,570.65,598.15,599,591.2,241776,143299422.2,01-MAR-2018,7087,INE949L01017,
AUBANK,EQ,596,596,586,586.75,586,598.15,37838,22261856.9,05-MAR-2018,2306,INE949L01017,
AUBANK,EQ,588.15,592.95,572.7,583.55,580,586.75,64457,37594885.05,06-MAR-2018,3835,INE949L01017,
AUBANK,EQ,584,586.3,565.3,572.9,581,583.55,102981,59099044.2,07-MAR-2018,8691,INE949L01017,
AUBANK,EQ,575.1,589,573,585.45,586.3,572.9,61287,35513617.4,08-MAR-2018,3481,INE949L01017,
AUBANK,EQ,587.15,591.5,575.85,588.55,588,585.45,82126,48070290.1,09-MAR-2018,2943,INE949L01017,
AUBANK,EQ,591.1,593.6,577.5,581.45,582,588.55,63381,37084370.55,12-MAR-2018,3264,INE949L01017,
AUBANK,EQ,584.9,592.5,576.95,583.35,581.35,581.45,84750,49514194.3,13-MAR-2018,4549,INE949L01017,
AUBANK,EQ,585,592.4,578,580.65,585,583.35,295462,171653244.4,14-MAR-2018,5353,INE949L01017,
AUBANK,EQ,574.25,599.6,574.25,595.7,599.15,580.65,199098,116294856.25,15-MAR-2018,6267,INE949L01017,
AUBANK,EQ,598,599,580,581.1,580,595.7,93350,54619558.2,16-MAR-2018,6052,INE949L01017,
AUBANK,EQ,584,589,577.1,580.8,577.5,581.1,424298,246656020.95,19-MAR-2018,7311,INE949L01017,
AUBANK,EQ,572.6,582,569,579.2,579.9,580.8,87879,50599913,20-MAR-2018,8969,INE949L01017,
AUBANK,EQ,579.2,587.8,576.35,584.5,584,579.2,96040,55814060.15,21-MAR-2018,9655,INE949L01017,
AUBANK,EQ,584.5,588,576.55,579.45,583,584.5,70763,41219607.55,22-MAR-2018,7992,INE949L01017,
AUBANK,EQ,570,579.1,565.3,575.5,574.1,579.45,58587,33728861.05,23-MAR-2018,7584,INE949L01017,
AUBANK,EQ,579,595,576.5,590.65,590.9,575.5,100046,58809628.9,26-MAR-2018,11180,INE949L01017,
AUBANK,EQ,590,629,590,622.7,625,590.65,425367,263510155.5,27-MAR-2018,23796,INE949L01017,
AUBANK,EQ,622,639,610.2,618.05,615.5,622.7,212413,133067025.65,28-MAR-2018,10604,INE949L01017,
AUBANK,EQ,624,645.5,615,642.35,645.5,618.05,107563,68266238.15,02-APR-2018,4789,INE949L01017,
AUBANK,EQ,640,648.75,620.65,629.2,628,642.35,75305,47716200.45,03-APR-2018,3841,INE949L01017,
AUBANK,EQ,641.9,643.85,625.1,635.9,636.5,629.2,2049211,1299683262.65,04-APR-2018,7704,INE949L01017,
AUBANK,EQ,638,656.45,638,652.85,652.5,635.9,203016,131676916.65,05-APR-2018,8173,INE949L01017,
AUBANK,EQ,655.6,661.15,640.35,657.45,661,652.85,66837,43710736.9,06-APR-2018,3118,INE949L01017,
AUBANK,EQ,660,684.5,654.05,677.15,672,657.45,295743,196241743.35,09-APR-2018,5282,INE949L01017,
AUBANK,EQ,676.95,677,664.1,671.35,672,677.15,275018,184633210.9,10-APR-2018,4991,INE949L01017,
AUBANK,EQ,666,672.6,660,665.65,669,671.35,64244,42652270.15,11-APR-2018,4302,INE949L01017,
AUBANK,EQ,665.85,680,662,677.45,676.8,665.65,70708,47673285.45,12-APR-2018,4286,INE949L01017,
AUBANK,EQ,672.05,689.9,660,662.35,660.35,677.45,89331,60550551.55,13-APR-2018,4587,INE949L01017,
AUBANK,EQ,662.5,666.95,639.5,661.85,661.6,662.35,162352,106391678.15,16-APR-2018,2948,INE949L01017,
AUBANK,EQ,667.15,668,645,649.25,653,661.85,68363,44567190.85,17-APR-2018,3909,INE949L01017,
AUBANK,EQ,653.8,667.45,652.45,657.7,658,649.25,155593,102573104.75,18-APR-2018,3368,INE949L01017,
AUBANK,EQ,652.65,661.55,647.7,650.9,652,657.7,29083,18995257.3,19-APR-2018,1715,INE949L01017,
AUBANK,EQ,654.8,663,650.2,653.95,651,650.9,206132,135691090.55,20-APR-2018,11404,INE949L01017,
AUBANK,EQ,655,659.75,650,656.8,655,653.95,63508,41616632,23-APR-2018,3705,INE949L01017,
AUBANK,EQ,660,714.45,654,698.25,693.9,656.8,273892,185166876.85,24-APR-2018,7266,INE949L01017,
AUBANK,EQ,700,712,693,701.45,697.35,698.25,181205,127122769.65,25-APR-2018,8326,INE949L01017,
AUBANK,EQ,704.25,743.85,703.85,737.3,739,701.45,666609,485318506,26-APR-2018,20106,INE949L01017,
AUBANK,EQ,742,748.4,701.1,731.65,728.3,737.3,655392,472637118.8,27-APR-2018,18326,INE949L01017,
AUBANK,EQ,739.7,740,711,721.85,719.95,731.65,100974,72777346.5,30-APR-2018,4862,INE949L01017,
AUBANK,EQ,719.95,733,696.65,708.85,705.2,721.85,226098,162497609.5,02-MAY-2018,16553,INE949L01017,
AUBANK,EQ,711.7,715.2,694.55,697.85,694.55,708.85,69322,48636669.2,03-MAY-2018,3152,INE949L01017,
AUBANK,EQ,699.9,699.9,675,678.35,684,697.85,65088,44515485.6,04-MAY-2018,8043,INE949L01017,
AUBANK,EQ,678,691.9,667.5,671.65,668.15,678.35,50080,33812566.95,07-MAY-2018,5667,INE949L01017,
AUBANK,EQ,671.65,676.15,651.25,657.6,654.5,671.65,180771,119084787.15,08-MAY-2018,6322,INE949L01017,
AUBANK,EQ,655,703.4,655,694.8,700,657.6,175319,119845721.85,09-MAY-2018,8057,INE949L01017,
AUBANK,EQ,695.7,711,672.2,705.6,709,694.8,199496,139495836.1,10-MAY-2018,6843,INE949L01017,
AUBANK,EQ,708.2,716.4,703,711.1,712.5,705.6,121654,86376771.55,11-MAY-2018,7671,INE949L01017,
AUBANK,EQ,705,715,690,696.55,691.5,711.1,71067,50125159.05,14-MAY-2018,6809,INE949L01017,
AUBANK,EQ,690.5,708,672.25,696.25,703.2,696.55,95190,65925965.85,15-MAY-2018,4583,INE949L01017,
AUBANK,EQ,695.15,707,685.45,701.25,704,696.25,48444,33761534.25,16-MAY-2018,2506,INE949L01017,
AUBANK,EQ,709.95,710,691.3,695,694,701.25,194930,137166304.6,17-MAY-2018,3348,INE949L01017,
AUBANK,EQ,695,696.75,685.5,690.7,691,695,48387,33453377.65,18-MAY-2018,3299,INE949L01017,
AUBANK,EQ,700,720.7,697.35,704.6,705,690.7,277081,196975455.6,21-MAY-2018,14677,INE949L01017,
AUBANK,EQ,704,720,690,693.35,690.1,704.6,133055,93895932.4,22-MAY-2018,6313,INE949L01017,
AUBANK,EQ,693.9,712.5,688.35,709.2,704.1,693.35,121728,85435693.75,23-MAY-2018,5393,INE949L01017,
AUBANK,EQ,713,713.55,683.9,696.8,692.65,709.2,119340,83442540.85,24-MAY-2018,6498,INE949L01017,
AUBANK,EQ,692.65,708.9,692.1,695.95,694.15,696.8,97416,68106477.7,25-MAY-2018,4450,INE949L01017,
AUBANK,EQ,693.2,699.95,683.5,686.1,683.5,695.95,69898,48276969.4,28-MAY-2018,5779,INE949L01017,
AUBANK,EQ,686.1,690,678.4,683.35,682,686.1,103637,70780364.25,29-MAY-2018,2882,INE949L01017,
AUBANK,EQ,680.9,695,675,689.45,689,683.35,91674,63393157.9,30-MAY-2018,5967,INE949L01017,
AUBANK,EQ,688.1,707.8,684,697.3,699,689.45,138884,97042664.85,31-MAY-2018,7662,INE949L01017,
AUBANK,EQ,691,703.9,691,697.4,696,697.3,79716,55684514.65,01-JUN-2018,8737,INE949L01017,
AUBANK,EQ,699.4,700,690.9,699.05,698.5,697.4,61989,43121212.75,04-JUN-2018,5804,INE949L01017,
AUBANK,EQ,698.95,698.95,680,688.45,686.25,699.05,68797,47341497.25,05-JUN-2018,3820,INE949L01017,
AUBANK,EQ,685.65,704.7,684,698.7,697,688.45,69205,48288891.4,06-JUN-2018,8024,INE949L01017,
AUBANK,EQ,698,714.8,697.5,704.7,699,698.7,466616,329031887.8,07-JUN-2018,15361,INE949L01017,
AUBANK,EQ,691.95,711.9,691.95,699.85,706,704.7,305663,214769771.1,08-JUN-2018,7650,INE949L01017,
AUBANK,EQ,701,709,692,695.75,696.3,699.85,340149,239953520.5,11-JUN-2018,5937,INE949L01017,
AUBANK,EQ,703.95,728,696,720.8,723,695.75,203709,146117558.25,12-JUN-2018,9475,INE949L01017,
AUBANK,EQ,722.7,734.35,707.35,715.15,712,720.8,134048,96890890.2,13-JUN-2018,5397,INE949L01017,
AUBANK,EQ,718,728,705.3,720.65,725,715.15,141001,100844093.85,14-JUN-2018,4536,INE949L01017,
AUBANK,EQ,721.05,732.75,705.85,711.75,708.65,720.65,411092,296919867.45,15-JUN-2018,7773,INE949L01017,
AUBANK,EQ,711.5,722.1,705.5,712.45,712,711.75,145231,103707891.15,18-JUN-2018,4459,INE949L01017,
AUBANK,EQ,715,719.8,703.1,716.45,716,712.45,155211,111100413.05,19-JUN-2018,3375,INE949L01017,
AUBANK,EQ,715.05,721.85,705.3,708.8,711.85,716.45,189042,135567750.35,20-JUN-2018,5340,INE949L01017,
AUBANK,EQ,710,712.3,687.75,690.35,688,708.8,215749,151989083.75,21-JUN-2018,4944,INE949L01017,
AUBANK,EQ,690.35,699.3,675.6,680.3,678.7,690.35,176069,121161160.95,22-JUN-2018,5461,INE949L01017,
AUBANK,EQ,680.3,698,675.55,688.9,688.3,680.3,166981,115221873.55,25-JUN-2018,7159,INE949L01017,
AUBANK,EQ,685.9,695,683,686.45,684.95,688.9,87483,60353924.7,26-JUN-2018,6857,INE949L01017,
AUBANK,EQ,685.3,696.75,660.4,669.2,667,686.45,156910,106492347.4,27-JUN-2018,10681,INE949L01017,
AUBANK,EQ,671.1,677.65,650,663,662,669.2,223547,147749633.6,28-JUN-2018,5001,INE949L01017,
AUBANK,EQ,670,675,654.65,655.75,657.35,663,82847,54687259.5,29-JUN-2018,4479,INE949L01017,
AUBANK,EQ,660.65,669.35,652.05,664.75,664.1,655.75,102946,67663508.75,02-JUL-2018,4884,INE949L01017,
AUBANK,EQ,664.85,679.8,658.15,670.6,669.2,664.75,91579,61528855.1,03-JUL-2018,7648,INE949L01017,
AUBANK,EQ,674.6,693.1,664,680.2,678.95,670.6,76880,52241105.45,04-JUL-2018,4769,INE949L01017,
AUBANK,EQ,671.55,683.25,663,669.2,669,680.2,88389,59132927.2,05-JUL-2018,5360,INE949L01017,
AUBANK,EQ,640,692.5,612.05,679.35,667.4,669.2,1422854,927544429.5,06-JUL-2018,58837,INE949L01017,
AUBANK,EQ,664.8,664.8,629,637.65,634.7,679.35,1083555,698264661.1,09-JUL-2018,32991,INE949L01017,
AUBANK,EQ,634,648,631,639.15,641,637.65,445051,284330141.55,10-JUL-2018,14403,INE949L01017,
AUBANK,EQ,641,647.15,634.05,637.8,637,639.15,276442,176720261.35,11-JUL-2018,12637,INE949L01017,
AUBANK,EQ,642,650,637.15,648.6,648.65,637.8,430721,277425382.3,12-JUL-2018,15671,INE949L01017,
AUBANK,EQ,647,647,630,636.25,638.4,648.6,9664336,6093587644.8,13-JUL-2018,31653,INE949L01017,
AUBANK,EQ,637.05,644.9,631.2,634.95,635,636.25,448146,284689399.95,16-JUL-2018,8396,INE949L01017,
AUBANK,EQ,639.9,640,632.3,634.95,634.6,634.95,200753,128073346.65,17-JUL-2018,30362,INE949L01017,
AUBANK,EQ,638.9,638.9,630,636.05,635.85,634.95,169511,107549607.65,18-JUL-2018,13094,INE949L01017,
AUBANK,EQ,637,637,623.25,629.5,630,636.05,1624761,1023458327.1,19-JUL-2018,13632,INE949L01017,
AUBANK,EQ,629,634.6,625.9,632,632,629.5,317342,200184929.35,20-JUL-2018,12225,INE949L01017,
AUBANK,EQ,632,646.9,627.75,641.95,635.6,632,260849,166506236.05,23-JUL-2018,6208,INE949L01017,
AUBANK,EQ,636.15,646,635.6,640.95,639.5,641.95,354694,227347745.75,24-JUL-2018,11820,INE949L01017,
AUBANK,EQ,643,651,635,637.2,636.9,640.95,443230,286256096.1,25-JUL-2018,13801,INE949L01017,
AUBANK,EQ,639.9,644.7,636.9,640,639.8,637.2,149809,95927461.9,26-JUL-2018,4268,INE949L01017,
AUBANK,EQ,640,645,633.7,636.4,634.85,640,797189,510478956.55,27-JUL-2018,4758,INE949L01017,
AUBANK,EQ,636.4,644.8,636.4,640.25,641.5,636.4,1824310,1167622420.65,30-JUL-2018,3859,INE949L01017,
AUBANK,EQ,643,648,639.5,643.9,643,640.25,230152,147951339.65,31-JUL-2018,5562,INE949L01017,
AUBANK,EQ,640.2,647,639.05,644.15,641.5,643.9,803107,517303592.25,01-AUG-2018,5824,INE949L01017,
AUBANK,EQ,645,661,642.05,657.4,657,644.15,674543,440735719.05,02-AUG-2018,13590,INE949L01017,
AUBANK,EQ,660,664.5,655,657.3,657,657.4,144126,95179668.4,03-AUG-2018,4443,INE949L01017,
AUBANK,EQ,660,666,650,657.9,657,657.3,126797,83532787.35,06-AUG-2018,3820,INE949L01017,
AUBANK,EQ,660.9,670,640,659.5,649,657.9,714360,470224673.35,07-AUG-2018,21018,INE949L01017,
AUBANK,EQ,652.7,661.75,638,653.75,655.2,659.5,248211,161544618.35,08-AUG-2018,7843,INE949L01017,
AUBANK,EQ,658.9,658.9,641,644.55,641,653.75,116074,75401649.55,09-AUG-2018,5256,INE949L01017,
AUBANK,EQ,670,714,670,693.7,684,644.55,2946317,2050542951.8,10-AUG-2018,52685,INE949L01017,
AUBANK,EQ,689.8,708.9,678,689.4,688,693.7,844274,583275700.55,13-AUG-2018,21962,INE949L01017,
AUBANK,EQ,692.4,692.8,680,682.5,683,689.4,162141,110974782.5,14-AUG-2018,7434,INE949L01017,
AUBANK,EQ,678.9,705.65,675,697.7,696.6,682.5,873512,608488228.8,16-AUG-2018,30774,INE949L01017,
AUBANK,EQ,699.65,705.95,686.25,695.45,690.35,697.7,530288,371504476.2,17-AUG-2018,36452,INE949L01017,
AUBANK,EQ,697.95,705,684.75,688.35,684.75,695.45,140630,97825314,20-AUG-2018,10523,INE949L01017,
AUBANK,EQ,688,701.5,673.55,699.55,697.75,688.35,377889,262571795.1,21-AUG-2018,13067,INE949L01017,
AUBANK,EQ,705,714,690.2,701.4,697,699.55,2712090,1909570516.4,23-AUG-2018,23368,INE949L01017,
AUBANK,EQ,697,704.9,689,699.8,699.5,701.4,194235,135306318.35,24-AUG-2018,10113,INE949L01017,
AUBANK,EQ,700,727.6,699.8,721.05,717,699.8,723295,521483279.25,27-AUG-2018,31922,INE949L01017,
AUBANK,EQ,719.95,725,703,719.05,719.75,721.05,295432,211098355.95,28-AUG-2018,10210,INE949L01017,
AUBANK,EQ,720.35,734.7,720.35,729.25,734,719.05,1243255,904891344.7,29-AUG-2018,27620,INE949L01017,
AUBANK,EQ,736.95,745,722.35,736.75,729,729.25,850593,625990967.75,30-AUG-2018,17905,INE949L01017,
AUBANK,EQ,730.5,744.7,722.1,735.1,731,736.75,385568,282392980.1,31-AUG-2018,14940,INE949L01017,
AUBANK,EQ,733.6,735.85,724.15,730.1,730,735.1,271500,197860240.05,03-SEP-2018,11284,INE949L01017,
AUBANK,EQ,725.1,733.95,705,717.3,710,730.1,246988,177850753.05,04-SEP-2018,13756,INE949L01017,
AUBANK,EQ,707.65,714.9,670,701.4,700.05,717.3,471364,325463522.95,05-SEP-2018,26791,INE949L01017,
AUBANK,EQ,707.1,707.1,673.2,680.05,680,701.4,582829,396016031.95,06-SEP-2018,43835,INE949L01017,
AUBANK,EQ,680,699,676,694.45,694,680.05,395129,273067938.9,07-SEP-2018,16336,INE949L01017,
AUBANK,EQ,690.1,698.45,675.05,680.05,681,694.45,302463,206374491.2,10-SEP-2018,19235,INE949L01017,
AUBANK,EQ,681,703.25,681,688.35,690,680.05,236584,163845784.35,11-SEP-2018,14611,INE949L01017,
AUBANK,EQ,692,698,678.2,694.45,687,688.35,204580,140845892.7,12-SEP-2018,15434,INE949L01017,
AUBANK,EQ,690.1,702.9,690.1,694.5,696.95,694.45,181671,126388542.8,14-SEP-2018,12073,INE949L01017,
AUBANK,EQ,696.5,696.5,678.9,682.35,680,694.5,102399,70108297.35,17-SEP-2018,10937,INE949L01017,
AUBANK,EQ,677.1,687,672,675.25,676.4,682.35,202711,137009977.55,18-SEP-2018,5597,INE949L01017,
AUBANK,EQ,676.05,685,666.25,675.95,673,675.25,128928,86933846.75,19-SEP-2018,6655,INE949L01017,
AUBANK,EQ,678.85,684.4,639.8,644.95,649.35,675.95,662314,436213199.55,21-SEP-2018,22875,INE949L01017,
AUBANK,EQ,645.55,653,612.6,616.9,616,644.95,1034204,643357520.55,24-SEP-2018,56073,INE949L01017,
AUBANK,EQ,612,660,605.1,623.65,632.3,616.9,569137,350213247.95,25-SEP-2018,24655,INE949L01017,
AUBANK,EQ,628.3,634.9,613.3,617.8,614.9,623.65,441370,275101951.55,26-SEP-2018,18218,INE949L01017,
AUBANK,EQ,617.9,622.75,593.6,604.5,600.55,617.8,810961,494682462.55,27-SEP-2018,36219,INE949L01017,
AUBANK,EQ,605,616.7,545.05,574.3,572.7,604.5,1444434,837995701.95,28-SEP-2018,66757,INE949L01017,
AUBANK,EQ,560,577.35,545,560.7,556.1,574.3,1040715,580286293.9,01-OCT-2018,53370,INE949L01017,
AUBANK,EQ,560,574.5,546.7,564.75,566.3,560.7,763903,430296328.4,03-OCT-2018,37352,INE949L01017,
AUBANK,EQ,562.7,570,550,555.7,563.45,564.75,326917,180895289.3,04-OCT-2018,11668,INE949L01017,
AUBANK,EQ,559.85,566,549.05,550.7,551.7,555.7,248164,137326481.4,05-OCT-2018,11111,INE949L01017,
AUBANK,EQ,543.35,579.2,526.2,564.15,562,550.7,502455,276649994.65,08-OCT-2018,36167,INE949L01017,
AUBANK,EQ,568.7,575,545.5,569.6,573,564.15,134982,75933588.4,09-OCT-2018,9216,INE949L01017,
AUBANK,EQ,563.5,584.9,562.6,580.85,580.55,569.6,472254,271423753.55,10-OCT-2018,24212,INE949L01017,
AUBANK,EQ,545,585.5,545,580.25,585.5,580.85,405246,231946172.05,11-OCT-2018,14740,INE949L01017,
AUBANK,EQ,598.35,621.9,583.3,617.85,619.9,580.25,465033,282911651.6,12-OCT-2018,13680,INE949L01017,
AUBANK,EQ,639.95,639.95,601.1,620.25,626,617.85,1220738,749741527.6,15-OCT-2018,28364,INE949L01017,
AUBANK,EQ,625,636.85,620.3,631.55,629.15,620.25,225861,142025478.6,16-OCT-2018,7654,INE949L01017,
AUBANK,EQ,631.55,637.75,592.6,596.05,597.5,631.55,275960,170346480.6,17-OCT-2018,10053,INE949L01017,
AUBANK,EQ,596.05,596.95,537,539.6,539,596.05,1620842,894742319.55,19-OCT-2018,24989,INE949L01017,
AUBANK,EQ,540,550.9,500.5,522.5,530,539.6,955643,493599269.3,22-OCT-2018,46081,INE949L01017,
AUBANK,EQ,511.1,541,510,529.5,539,522.5,416467,216469991.1,23-OCT-2018,25334,INE949L01017,
AUBANK,EQ,532.8,538.2,518.1,525.85,522.95,529.5,341408,179395227.75,24-OCT-2018,18091,INE949L01017,
AUBANK,EQ,514,535,512.35,531.15,528.2,525.85,193086,101251917.7,25-OCT-2018,16581,INE949L01017,
AUBANK,EQ,538,538,515,523.85,528,531.15,384752,200766196.25,26-OCT-2018,35461,INE949L01017,
AUBANK,EQ,537,538,516.05,528.7,532,523.85,365405,191233268,29-OCT-2018,13734,INE949L01017,
AUBANK,EQ,524.3,549.95,524,546.1,544.75,528.7,409842,221359823.6,30-OCT-2018,20025,INE949L01017,
AUBANK,EQ,551.8,569.95,532.2,555.6,566,546.1,292718,159493520.6,31-OCT-2018,16978,INE949L01017,
AUBANK,EQ,560.05,567.75,554.45,563.7,556.9,555.6,97948,55135221.55,01-NOV-2018,8355,INE949L01017,
AUBANK,EQ,564.65,568.75,553,559.65,554.05,563.7,124955,70105314.15,02-NOV-2018,11002,INE949L01017,
AUBANK,EQ,555,558.85,542.5,554.8,550.1,559.65,186717,102869545.8,05-NOV-2018,9559,INE949L01017,
AUBANK,EQ,552.55,556,546.05,549.25,547,554.8,63045,34688295.15,06-NOV-2018,6050,INE949L01017,
AUBANK,EQ,554.5,554.8,547,550.5,550.5,554.8,102704,56531905.3,09-NOV-2018,6573,INE949L01017,
AUBANK,EQ,554.95,569,540,544.65,549,550.5,150743,83124562.8,12-NOV-2018,11857,INE949L01017,
AUBANK,EQ,548,548,520,536.8,538,544.65,287241,152648853.7,13-NOV-2018,21883,INE949L01017,
AUBANK,EQ,554,604,542.15,576.75,569,536.8,1510638,876579622.65,14-NOV-2018,76666,INE949L01017,
AUBANK,EQ,568.9,592.5,566,587.15,587.5,576.75,436163,254778249.45,15-NOV-2018,26680,INE949L01017,
AUBANK,EQ,590.65,609.4,585.95,597.75,594.7,587.15,487473,291899270.9,16-NOV-2018,23797,INE949L01017,
AUBANK,EQ,597.75,609.95,588.1,592.6,595,597.75,233390,139732252.55,19-NOV-2018,14027,INE949L01017,
AUBANK,EQ,594.4,603.9,560.35,588.75,586,592.6,407832,238573578.65,20-NOV-2018,23847,INE949L01017,
AUBANK,EQ,581.35,598.5,581.3,589.65,587,588.75,209946,123918933.85,21-NOV-2018,13575,INE949L01017,
AUBANK,EQ,592,592,586.35,589.1,590,589.65,236284,139293451.25,22-NOV-2018,24112,INE949L01017,
AUBANK,EQ,592,593.6,577.4,589.9,589.95,589.1,159875,94265217.9,26-NOV-2018,21576,INE949L01017,
AUBANK,EQ,592.4,612.4,584.4,609,606.1,589.9,918128,552548040,27-NOV-2018,84999,INE949L01017,
AUBANK,EQ,604,608,582.2,585.55,583,609,129093,76547160.55,28-NOV-2018,11971,INE949L01017,
AUBANK,EQ,590,601.2,575,585.15,584,585.55,172520,101567294.75,29-NOV-2018,13923,INE949L01017,
AUBANK,EQ,585.15,600.05,558.7,568.25,590,585.15,2793659,1596671998.8,30-NOV-2018,63555,INE949L01017,
AUBANK,EQ,583.85,598,578,591.6,590,568.25,516498,304595033.75,03-DEC-2018,36633,INE949L01017,
AUBANK,EQ,585,612.8,585,608.75,606.1,591.6,565432,339400173.8,04-DEC-2018,42883,INE949L01017,
AUBANK,EQ,600,618,600,612.05,613,608.75,395189,241717868.3,05-DEC-2018,23338,INE949L01017,
AUBANK,EQ,608,620,607,615.55,612.45,612.05,643321,393395909.45,06-DEC-2018,26790,INE949L01017,
AUBANK,EQ,613,628,609.1,611.35,610,615.55,355827,220350284.8,07-DEC-2018,17474,INE949L01017,
AUBANK,EQ,600,609.5,579.1,589.1,582.1,611.35,230988,138028790.3,10-DEC-2018,17893,INE949L01017,
AUBANK,EQ,576.5,598.5,574,595.65,596,589.1,220513,130141670.8,11-DEC-2018,22842,INE949L01017,
AUBANK,EQ,598,628.9,597,615.25,619,595.65,400047,247196577.35,12-DEC-2018,25997,INE949L01017,
AUBANK,EQ,619.05,631,610.1,624.95,621.6,615.25,385046,239322196.4,13-DEC-2018,20256,INE949L01017,
AUBANK,EQ,626.4,636.9,623.95,631.85,626,624.95,357584,226013777.45,14-DEC-2018,20116,INE949L01017,
AUBANK,EQ,630,646.5,622.15,639.2,641.5,631.85,223808,141368885.15,17-DEC-2018,29535,INE949L01017,
AUBANK,EQ,639.95,652.9,633.7,640.4,638.65,639.2,468250,301866602.55,18-DEC-2018,32166,INE949L01017,
AUBANK,EQ,644,648.75,628,642.35,641.6,640.4,269371,171198810.4,19-DEC-2018,14056,INE949L01017,
AUBANK,EQ,633.3,642.05,630.1,638.15,635.1,642.35,123849,78695213.05,20-DEC-2018,8954,INE949L01017,
AUBANK,EQ,633.3,644.9,607.2,636.85,641.3,638.15,2200016,1401188753.25,21-DEC-2018,19210,INE949L01017,
AUBANK,EQ,641.75,643.65,601.1,606.45,604,636.85,322978,198245533.95,24-DEC-2018,25906,INE949L01017,
AUBANK,EQ,602,603.85,582.5,592.05,590,606.45,294560,174595980.95,26-DEC-2018,10919,INE949L01017,
AUBANK,EQ,602.8,608.4,586,595.45,594.9,592.05,89749,53719980.5,27-DEC-2018,6651,INE949L01017,
AUBANK,EQ,600,603.9,566,582.1,575.9,595.45,760674,444257877.85,28-DEC-2018,29863,INE949L01017,
AUBANK,EQ,580,629,576.45,622.1,619.5,582.1,666704,406312949.7,31-DEC-2018,22134,INE949L01017,
AUBANK,EQ,622.1,626.55,610.4,621.95,618.6,622.1,344616,213746224,01-JAN-2019,22030,INE949L01017,
AUBANK,EQ,615,624.65,611.95,620.25,622.5,621.95,166148,102823409.9,02-JAN-2019,20610,INE949L01017,
AUBANK,EQ,620.2,628.3,616.15,621.35,619.9,620.25,133626,83342373.75,03-JAN-2019,9830,INE949L01017,
AUBANK,EQ,621,634.5,619.65,623.85,623,621.35,330182,207015130.55,04-JAN-2019,15167,INE949L01017,
AUBANK,EQ,625,626,601.5,616.35,614.15,623.85,476017,291393498.05,07-JAN-2019,15958,INE949L01017,
AUBANK,EQ,612.1,632.9,608,623.05,619,616.35,374264,231813044.2,08-JAN-2019,12933,INE949L01017,
AUBANK,EQ,624,635,615.9,630.85,634,623.05,137994,86378960.75,09-JAN-2019,8101,INE949L01017,
AUBANK,EQ,632.8,658,630,651.75,658,630.85,406708,262548831.85,10-JAN-2019,27291,INE949L01017,
AUBANK,EQ,654.85,657,649.1,652.15,650.1,651.75,422128,275320596.9,11-JAN-2019,13469,INE949L01017,
AUBANK,EQ,653.8,667.85,642.55,655.15,660,652.15,873063,576546048.5,14-JAN-2019,15567,INE949L01017,
AUBANK,EQ,655.4,668.95,655.4,660.2,660,655.15,227114,150080326.35,15-JAN-2019,7274,INE949L01017,
AUBANK,EQ,663,664.15,645.5,648.75,646,660.2,196600,127817377.9,16-JAN-2019,14567,INE949L01017,
AUBANK,EQ,651.5,662,651,655.05,655.5,648.75,404178,264650820.7,17-JAN-2019,33697,INE949L01017,
AUBANK,EQ,625,641.8,606.1,622.2,614.8,655.05,645567,402007126.95,18-JAN-2019,27278,INE949L01017,
AUBANK,EQ,620,621.9,607,608.7,608,622.2,359668,219530364.1,21-JAN-2019,21894,INE949L01017,
AUBANK,EQ,605.15,607.95,588,595.3,595.1,608.7,379922,224790398.75,22-JAN-2019,33617,INE949L01017,
AUBANK,EQ,595.25,601.65,588.05,589.1,589.65,595.3,902444,535975989.55,23-JAN-2019,6185,INE949L01017,
AUBANK,EQ,595,597.85,586.05,588.15,586.5,589.1,85024,50084054.6,24-JAN-2019,7228,INE949L01017,
AUBANK,EQ,582.9,598.55,582.9,589.4,585.15,588.15,160341,94624192.6,25-JAN-2019,14953,INE949L01017,
AUBANK,EQ,585.1,599.9,572.1,592.25,599,589.4,225562,131667445.9,28-JAN-2019,37378,INE949L01017,
AUBANK,EQ,595,598.9,587.2,593.85,589,592.25,497252,294557442.5,29-JAN-2019,11869,INE949L01017,
AUBANK,EQ,592.4,594.8,581.6,586.8,587.1,593.85,248350,146202141.1,30-JAN-2019,35621,INE949L01017,
AUBANK,EQ,590,594.8,581.65,584.25,584.6,586.8,257833,151782389.3,31-JAN-2019,15808,INE949L01017,
AUBANK,EQ,585.6,593.8,576,579.55,578.8,584.25,263192,153604478.4,01-FEB-2019,19825,INE949L01017,
AUBANK,EQ,578,583,564.4,573.7,579,579.55,222086,127203405.8,04-FEB-2019,33041,INE949L01017,
AUBANK,EQ,573.9,595,573.9,587.55,593.05,573.7,187494,108592979.3,05-FEB-2019,21889,INE949L01017,
AUBANK,EQ,589,604.5,581.5,602.15,602.5,587.55,255346,151610016.3,06-FEB-2019,26695,INE949L01017,
AUBANK,EQ,600,609.85,590,598,593,602.15,213275,127867002.15,07-FEB-2019,17377,INE949L01017,
AUBANK,EQ,598,598,580.5,586.05,586,598,144411,84682055.7,08-FEB-2019,14215,INE949L01017,
AUBANK,EQ,593.8,593.8,576.55,588.95,584,586.05,110178,64249013.55,11-FEB-2019,7408,INE949L01017,
AUBANK,EQ,585,586.7,576,577.8,576,588.95,111816,64797122.75,12-FEB-2019,13521,INE949L01017,
AUBANK,EQ,578.95,583.7,575.05,576.25,577,577.8,136687,79030972.95,13-FEB-2019,13987,INE949L01017,
AUBANK,EQ,575.65,579.8,574.5,575.95,575.2,576.25,77192,44430626,14-FEB-2019,5772,INE949L01017,
AUBANK,EQ,576,583,574.7,575.05,575,575.95,98410,56752685.5,15-FEB-2019,7571,INE949L01017,
AUBANK,EQ,575.1,579.8,570,571.2,570.1,575.05,77652,44651211.8,18-FEB-2019,10733,INE949L01017,
AUBANK,EQ,572.5,575.55,564,566,564,571.2,171955,97943866.35,19-FEB-2019,14780,INE949L01017,
AUBANK,EQ,566,572.5,558,564.4,566,566,134989,76127930.7,20-FEB-2019,13320,INE949L01017,
AUBANK,EQ,569.9,579.9,561.25,576.4,576.95,564.4,66260,37797693.9,21-FEB-2019,7888,INE949L01017,
AUBANK,EQ,580.15,587.1,570,574.8,570,576.4,192550,111011366.9,22-FEB-2019,7819,INE949L01017,
AUBANK,EQ,574,577.7,570,573.65,571.15,574.8,38197,21899044.6,25-FEB-2019,2836,INE949L01017,
AUBANK,EQ,569.45,577,561.1,569.95,568.1,573.65,66932,38065530.35,26-FEB-2019,4129,INE949L01017,
AUBANK,EQ,572.85,582,565.4,569.95,574,569.95,76535,43725517.55,27-FEB-2019,5075,INE949L01017,
AUBANK,EQ,574,580.9,570,579.6,575,569.95,78710,45404006.3,28-FEB-2019,7061,INE949L01017,
AUBANK,EQ,576.65,579.75,562,569.6,570.1,579.6,502483,287294958.5,01-MAR-2019,10594,INE949L01017,
AUBANK,EQ,572.9,594.75,571.05,581.25,579,569.6,454534,264501448.1,05-MAR-2019,18499,INE949L01017,
AUBANK,EQ,578,594.9,577.95,589.15,590,581.25,227989,134538935.8,06-MAR-2019,8424,INE949L01017,
AUBANK,EQ,594.6,594.9,575.3,580.65,580,589.15,300944,176141509.6,07-MAR-2019,10466,INE949L01017,
AUBANK,EQ,581.7,588,575.5,584.5,583,580.65,75292,43718679.3,08-MAR-2019,5424,INE949L01017,
AUBANK,EQ,583.1,588.95,578.65,583.3,585,584.5,436703,254686921.6,11-MAR-2019,8571,INE949L01017,
AUBANK,EQ,585,597.8,580.4,587.95,583,583.3,259023,153083442.3,12-MAR-2019,12165,INE949L01017,
AUBANK,EQ,586.8,608.8,579.4,606.6,607,587.95,283781,169665537.75,13-MAR-2019,11658,INE949L01017,
AUBANK,EQ,608.95,628.25,586,591.45,589,606.6,619747,377824138.65,14-MAR-2019,21547,INE949L01017,
AUBANK,EQ,596,615.95,595,610.9,607,591.45,259528,157204813.8,15-MAR-2019,9758,INE949L01017,
AUBANK,EQ,610.8,610.8,587.1,591.5,589.3,610.9,291632,173710405,18-MAR-2019,20341,INE949L01017,
AUBANK,EQ,593.8,596.7,575.35,579.1,582.15,591.5,677616,392514764.6,19-MAR-2019,24121,INE949L01017,
AUBANK,EQ,584.45,584.45,559.3,569.95,569,579.1,1192476,679889371,20-MAR-2019,17209,INE949L01017,
AUBANK,EQ,571,581,557,562.8,561.7,569.95,633823,357927745.45,22-MAR-2019,20208,INE949L01017,
AUBANK,EQ,558,561,550.1,551.65,552.2,562.8,735435,408017855.2,25-MAR-2019,16142,INE949L01017,
AUBANK,EQ,555,558.5,541.25,556.25,555.3,551.65,683911,375925975.4,26-MAR-2019,24761,INE949L01017,
AUBANK,EQ,555.1,578.5,555.1,574.55,578.5,556.25,959730,547138858.5,27-MAR-2019,26676,INE949L01017,
AUBANK,EQ,578,590,569,588.35,588,574.55,307345,179144459.65,28-MAR-2019,11781,INE949L01017,
AUBANK,EQ,588,604.5,573.35,595.6,596.5,588.35,727821,428683097.75,29-MAR-2019,17831,INE949L01017,
AUBANK,EQ,598.6,599.45,585.45,589.1,588,595.6,381796,226678892.15,01-APR-2019,4522,INE949L01017,
AUBANK,EQ,590.05,614,586.15,610.6,613.1,589.1,357196,216088668.4,02-APR-2019,10344,INE949L01017,
AUBANK,EQ,613,622,596.05,598.85,598.95,610.6,222908,135853545,03-APR-2019,8698,INE949L01017,
AUBANK,EQ,601,607.4,585.2,601.2,600,598.85,147728,88321290.15,04-APR-2019,11690,INE949L01017,
AUBANK,EQ,600.2,606,587,594.75,600,601.2,217577,130601653.05,05-APR-2019,10334,INE949L01017,
AUBANK,EQ,597.7,605.2,580.1,582.55,580.1,594.75,166667,97824690.9,08-APR-2019,13074,INE949L01017,
AUBANK,EQ,587,587.45,578.15,582.85,581.85,582.55,102680,59787039.15,09-APR-2019,6644,INE949L01017,
AUBANK,EQ,585.4,593.9,583.5,585.55,587,582.85,215777,126615759.2,10-APR-2019,5190,INE949L01017,
AUBANK,EQ,584,591.75,578,590.25,588,585.55,215341,125328623.2,11-APR-2019,6047,INE949L01017,
AUBANK,EQ,587,597,586.95,592,591.35,590.25,199848,118630637.65,12-APR-2019,5648,INE949L01017,
AUBANK,EQ,591.9,603.35,590,598.5,594,592,194755,116516340.6,15-APR-2019,9594,INE949L01017,
AUBANK,EQ,595,608,595,604.5,603.95,598.5,98647,59490162.2,16-APR-2019,4242,INE949L01017,
AUBANK,EQ,604,623.8,597.2,616.9,613.5,604.5,958375,581319014.4,18-APR-2019,11226,INE949L01017,
AUBANK,EQ,624.5,624.5,604,608.15,606,616.9,374209,230384865.5,22-APR-2019,13777,INE949L01017,
AUBANK,EQ,618.95,620.8,605.15,609.65,606.95,608.15,571964,349024846.4,23-APR-2019,19405,INE949L01017,
AUBANK,EQ,616.9,616.9,600.05,610.85,614.9,609.65,586243,356537331.6,24-APR-2019,18995,INE949L01017,
AUBANK,EQ,608,629.8,608,625.1,621.7,610.85,646109,402651738.9,25-APR-2019,12758,INE949L01017,
AUBANK,EQ,627,639.9,621.05,637.95,638.5,625.1,433178,273666189.1,26-APR-2019,11065,INE949L01017,
AUBANK,EQ,638.5,647,631,644.65,641.5,637.95,386647,248134177.4,30-APR-2019,24238,INE949L01017,
AUBANK,EQ,636.2,647,632,641.55,636.1,644.65,161604,103380151.5,02-MAY-2019,7206,INE949L01017,
AUBANK,EQ,641,645,625.65,631.3,630.5,641.55,73830,46738278.95,03-MAY-2019,3740,INE949L01017,
AUBANK,EQ,629.9,629.9,618.4,624.65,625,631.3,46212,28912611.4,06-MAY-2019,3396,INE949L01017,
AUBANK,EQ,625,646,625,639.4,639.75,624.65,382191,244384756.15,07-MAY-2019,9637,INE949L01017,
AUBANK,EQ,642,643.5,632.2,641.3,639.15,639.4,776828,496445447.9,08-MAY-2019,5413,INE949L01017,
AUBANK,EQ,641,642,627.8,630.65,631,641.3,80482,51097344.5,09-MAY-2019,8915,INE949L01017,
AUBANK,EQ,631.95,647,631.95,645.05,643.5,630.65,331536,212922881.85,10-MAY-2019,9650,INE949L01017,
AUBANK,EQ,640.9,653.3,633.6,646.45,645.05,645.05,708675,459238948.65,13-MAY-2019,10266,INE949L01017,
AUBANK,EQ,643.25,650,638.1,649.35,647,646.45,158142,102268674.25,14-MAY-2019,9415,INE949L01017,
AUBANK,EQ,647,655,644.3,650.75,650,649.35,552140,358882537.45,15-MAY-2019,11887,INE949L01017,
AUBANK,EQ,648.1,659.5,636.85,640.75,639.7,650.75,150622,98519181.9,16-MAY-2019,5176,INE949L01017,
AUBANK,EQ,642.85,675,641.05,660,659.65,640.75,541410,357616148.2,17-MAY-2019,12316,INE949L01017,
AUBANK,EQ,670.05,695,661.95,691.1,691.5,660,615786,419603314.8,20-MAY-2019,12333,INE949L01017,
AUBANK,EQ,698.8,709.4,686.4,697.65,697.6,691.1,199328,139474320.5,21-MAY-2019,7465,INE949L01017,
AUBANK,EQ,702,702,673,687.3,687.5,697.65,203362,139090765.2,22-MAY-2019,14320,INE949L01017,
AUBANK,EQ,692,704,675.2,696.85,699,687.3,181360,125470539.2,23-MAY-2019,6457,INE949L01017,
AUBANK,EQ,691.2,700.1,680,681.9,680.2,696.85,75103,51665457.65,24-MAY-2019,4719,INE949L01017,
AUBANK,EQ,682.2,691.5,670.8,677.4,675.05,681.9,136148,92273548.6,27-MAY-2019,7263,INE949L01017,
AUBANK,EQ,680,699,680,694.7,697,677.4,321206,222671128.35,28-MAY-2019,17844,INE949L01017,
AUBANK,EQ,698,713,695.05,699.7,698.6,694.7,486667,342664067.9,29-MAY-2019,16053,INE949L01017,
AUBANK,EQ,698.05,719,691.6,700.25,694,699.7,364657,258767263.55,30-MAY-2019,13496,INE949L01017,
AUBANK,EQ,703.9,703.9,690.3,696.15,697.4,700.25,87024,60584725.65,31-MAY-2019,3827,INE949L01017,
AUBANK,EQ,692.65,707.9,689.3,696.35,695,696.15,215958,151757517.95,03-JUN-2019,9245,INE949L01017,
AUBANK,EQ,695,707,693.4,699.95,700,696.35,88797,62165792.35,04-JUN-2019,8300,INE949L01017,
AUBANK,EQ,701,707.9,690,704.4,700.2,699.95,327455,230581226.5,06-JUN-2019,9093,INE949L01017,
AUBANK,EQ,703,709,691.65,705.85,705.15,704.4,157805,111220139.55,07-JUN-2019,13578,INE949L01017,
AUBANK,EQ,707,708,703,706.65,708,705.85,68741,48491212.3,10-JUN-2019,12889,INE949L01017,
AUBANK,EQ,706.65,710,695,708.6,709.3,706.65,146868,103406675.55,11-JUN-2019,10618,INE949L01017,
AUBANK,EQ,709.3,715.1,700,704.8,707.9,708.6,139869,99343556.5,12-JUN-2019,10261,INE949L01017,
AUBANK,EQ,705,711.45,704,710.15,710.35,704.8,143647,101978755.8,13-JUN-2019,9123,INE949L01017,
AUBANK,EQ,712.9,716.7,695.5,705.85,698.7,710.15,118555,84381768.15,14-JUN-2019,10972,INE949L01017,
AUBANK,EQ,703.5,711.5,681.75,685.75,685.8,705.85,58818,41047025.15,17-JUN-2019,5444,INE949L01017,
AUBANK,EQ,690,703.5,680.05,684.9,690.05,685.75,114418,79199358.45,18-JUN-2019,13448,INE949L01017,
AUBANK,EQ,689,697,665.6,683.4,677.45,684.9,285393,194568932.55,19-JUN-2019,12725,INE949L01017,
AUBANK,EQ,682,684.75,671.3,673.75,673.5,683.4,134794,91347509.1,20-JUN-2019,12566,INE949L01017,
AUBANK,EQ,676.6,704.9,673.4,696.65,697,673.75,170595,117300300.6,21-JUN-2019,15658,INE949L01017,
AUBANK,EQ,696,713.9,686,692.7,688.7,696.65,239944,167792130.1,24-JUN-2019,22595,INE949L01017,
AUBANK,EQ,690.1,704.9,686,698.75,698.7,692.7,658420,460918398.75,25-JUN-2019,9348,INE949L01017,
AUBANK,EQ,698,705,690,693.6,693.25,698.75,58103,40566117.85,26-JUN-2019,9899,INE949L01017,
AUBANK,EQ,694,700,684.7,691,689.9,693.6,35842,24931248.3,27-JUN-2019,2817,INE949L01017,
AUBANK,EQ,691,709,691,704.25,703,691,137721,96786351.05,28-JUN-2019,6159,INE949L01017,
AUBANK,EQ,697.55,709,687.25,692.8,703,704.25,194240,134806796.35,01-JUL-2019,10700,INE949L01017,
AUBANK,EQ,699,704.8,692.4,697.85,699.8,692.8,61587,43066865.35,02-JUL-2019,6411,INE949L01017,
AUBANK,EQ,699.8,703.95,693,695.65,695.4,697.85,41090,28693166.55,03-JUL-2019,4971,INE949L01017,
AUBANK,EQ,696,702.95,692.8,694.55,694.9,695.65,38790,27009303.1,04-JUL-2019,2517,INE949L01017,
AUBANK,EQ,694.8,698,680.8,683,682.25,694.55,50657,34863448.55,05-JUL-2019,4608,INE949L01017,
AUBANK,EQ,680,692,642.5,680.05,692,683,641507,418628087.6,08-JUL-2019,25567,INE949L01017,
AUBANK,EQ,684.7,689,660,663.8,667,680.05,182166,121540303.6,09-JUL-2019,26012,INE949L01017,
AUBANK,EQ,665,678.95,646.6,656.65,660,663.8,377350,245826806.25,10-JUL-2019,10544,INE949L01017,
AUBANK,EQ,658,678,657.05,672.65,672.1,656.65,69242,46329577.3,11-JUL-2019,7188,INE949L01017,
AUBANK,EQ,672.9,681.5,665,666.75,665.5,672.65,40934,27536643.75,12-JUL-2019,2080,INE949L01017,
AUBANK,EQ,666.75,673.5,662.2,668.05,670,666.75,52569,35113320.55,15-JUL-2019,3303,INE949L01017,
AUBANK,EQ,667.9,675,650.15,671.6,674,668.05,76501,50903757.7,16-JUL-2019,5631,INE949L01017,
AUBANK,EQ,671.6,685,662.25,669.4,666.15,671.6,57062,38456348.9,17-JUL-2019,6473,INE949L01017,
AUBANK,EQ,667.2,674.95,667.15,669.35,668.5,669.4,81812,54865030.15,18-JUL-2019,7064,INE949L01017,
AUBANK,EQ,672,676.95,655,659.35,666,669.35,109645,72817786.6,19-JUL-2019,11417,INE949L01017,
AUBANK,EQ,660.2,674,651.15,656.15,659,659.35,154270,102122923.5,22-JUL-2019,11402,INE949L01017,
AUBANK,EQ,658.9,669,654.4,656.55,656.5,656.15,79577,52510008.05,23-JUL-2019,7932,INE949L01017,
AUBANK,EQ,658,666,624,632.9,659,656.55,213735,136634882.45,24-JUL-2019,11108,INE949L01017,
AUBANK,EQ,636,652,628,634.1,631.1,632.9,328573,209715297.45,25-JUL-2019,19910,INE949L01017,
AUBANK,EQ,660,677,655,659.45,659.2,634.1,455634,301447064.7,26-JUL-2019,29161,INE949L01017,
AUBANK,EQ,662.7,663,648.25,657.05,651.05,659.45,1314573,855940196.55,29-JUL-2019,9240,INE949L01017,
AUBANK,EQ,656,665,645,654.55,656.55,657.05,377646,247383128.3,30-JUL-2019,13475,INE949L01017,
AUBANK,EQ,654.9,689.95,634.95,678.3,674,654.55,240472,156842831.4,31-JUL-2019,16958,INE949L01017,
AUBANK,EQ,671,672.95,652.65,657.2,656.9,678.3,107709,71498854.65,01-AUG-2019,10902,INE949L01017,
AUBANK,EQ,655,677.8,650.1,668.95,671,657.2,99212,65937485.3,02-AUG-2019,10079,INE949L01017,
AUBANK,EQ,659.95,661.9,631.5,634.65,635,668.95,164001,105881204.9,05-AUG-2019,14072,INE949L01017,
AUBANK,EQ,622.5,661.95,622.5,658.9,661.25,634.65,625944,406643115.9,06-AUG-2019,13565,INE949L01017,
AUBANK,EQ,660,673.8,657.5,664.2,660,658.9,330334,220165685.9,07-AUG-2019,10040,INE949L01017,
AUBANK,EQ,664.2,680,661.1,669.05,670.7,664.2,79230,53013617.65,08-AUG-2019,5510,INE949L01017,
AUBANK,EQ,673,690.9,669.85,689.75,690,669.05,247624,169212531.3,09-AUG-2019,18184,INE949L01017,
AUBANK,EQ,685,698.95,677.5,685.2,679.05,689.75,157600,108686361.4,13-AUG-2019,17607,INE949L01017,
AUBANK,EQ,686,700,681.4,695.15,698,685.2,200512,139383954.35,14-AUG-2019,16508,INE949L01017,
AUBANK,EQ,690,699,682.5,697.45,698.5,695.15,90945,63217774.65,16-AUG-2019,10448,INE949L01017,
AUBANK,EQ,688.15,705,687.6,700,700,697.45,122138,85464734.95,19-AUG-2019,8626,INE949L01017,
AUBANK,EQ,698,705,677,695.95,699,700,109083,75261438.3,20-AUG-2019,8772,INE949L01017,
AUBANK,EQ,691.35,702.6,685.65,694.05,688.2,695.95,69145,47971599.9,21-AUG-2019,6336,INE949L01017,
AUBANK,EQ,690,692.25,664.5,671.6,666.25,694.05,205763,138242022.85,22-AUG-2019,9494,INE949L01017,
AUBANK,EQ,668,669.5,646.25,659.75,657,671.6,117296,76880701.8,23-AUG-2019,7504,INE949L01017,
AUBANK,EQ,674.7,679.8,655.25,677.6,673,659.75,231971,155385287.4,26-AUG-2019,27578,INE949L01017,
AUBANK,EQ,677,684.9,668.8,673.5,670.6,677.6,109785,73933258.1,27-AUG-2019,10567,INE949L01017,
AUBANK,EQ,670,683.3,665.05,669.45,666,673.5,115389,77668718.05,28-AUG-2019,14649,INE949L01017,
AUBANK,EQ,669,673.55,658,661.35,660,669.45,102347,68162608,29-AUG-2019,9680,INE949L01017,
AUBANK,EQ,664.95,680,655.65,673.7,675.2,661.35,115401,77205484.15,30-AUG-2019,10987,INE949L01017,
AUBANK,EQ,676,681.75,661.45,666.85,663.5,673.7,225570,151644850.1,03-SEP-2019,19675,INE949L01017,
AUBANK,EQ,670,677.5,668,673.5,669.75,666.85,332336,223651887.6,04-SEP-2019,23338,INE949L01017,
AUBANK,EQ,674.2,682.85,668,675.25,672.9,673.5,191732,129158067.9,05-SEP-2019,10526,INE949L01017,
AUBANK,EQ,675.25,676.95,665.5,667.1,666.05,675.25,260791,174782207.55,06-SEP-2019,28646,INE949L01017,
AUBANK,EQ,666.5,669.5,664.2,667.15,666.6,667.1,117514,78375815.7,09-SEP-2019,15945,INE949L01017,
AUBANK,EQ,669,669.85,660.1,662.6,661.2,667.15,77402,51379271.15,11-SEP-2019,12332,INE949L01017,
AUBANK,EQ,659.85,672,658,668.95,670.95,662.6,97445,65068237.4,12-SEP-2019,8696,INE949L01017,
AUBANK,EQ,667.9,670.6,666,669.3,666.5,668.95,56257,37628780.15,13-SEP-2019,6057,INE949L01017,
AUBANK,EQ,666.5,669.3,663.3,666.85,665.95,669.3,93237,62201765.15,16-SEP-2019,9560,INE949L01017,
AUBANK,EQ,663.45,667.95,632.4,637.65,640.4,666.85,74122,48320026.7,17-SEP-2019,9630,INE949L01017,
AUBANK,EQ,645,658.5,641.05,653.75,655,637.65,145432,94578517.6,18-SEP-2019,20611,INE949L01017,
AUBANK,EQ,653,654.9,635,644.8,644.05,653.75,97458,62774577.2,19-SEP-2019,16015,INE949L01017,
AUBANK,EQ,652.9,663.7,639.85,644.5,645,644.8,1965015,1281719991.45,20-SEP-2019,40476,INE949L01017,
AUBANK,EQ,653,690,645.7,682.5,687,644.5,575999,387095166.1,23-SEP-2019,25971,INE949L01017,
AUBANK,EQ,683,689.8,660,669.95,671.3,682.5,174218,117976892.55,24-SEP-2019,26759,INE949L01017,
AUBANK,EQ,669.95,669.95,614.1,644.05,643.95,669.95,5236125,3418344797.9,25-SEP-2019,55300,INE949L01017,
AUBANK,EQ,641,658,641,654.25,651.8,644.05,322340,209854945,26-SEP-2019,16177,INE949L01017,
AUBANK,EQ,650.1,666.9,645,663.5,658.95,654.25,313012,206110417.55,27-SEP-2019,14637,INE949L01017,
AUBANK,EQ,662.9,665.2,651,659.5,651.6,663.5,200065,132040942.6,30-SEP-2019,20482,INE949L01017,
AUBANK,EQ,652.35,663.9,645,653.9,647.35,659.5,236795,155163913.2,01-OCT-2019,27488,INE949L01017,
AUBANK,EQ,650,652.8,642.65,649.85,648,653.9,179831,116820338.9,03-OCT-2019,8350,INE949L01017,
AUBANK,EQ,654.9,654.9,640.25,644.55,644,649.85,170150,110353588.6,04-OCT-2019,6227,INE949L01017,
AUBANK,EQ,648.6,654.8,645,652.95,650,644.55,329269,213859446,07-OCT-2019,7479,INE949L01017,
AUBANK,EQ,654.8,654.8,639.65,641.25,641,652.95,466926,303351500.7,09-OCT-2019,6890,INE949L01017,
AUBANK,EQ,644.7,649,636.3,638.7,640,641.25,54896,35283688.65,10-OCT-2019,3955,INE949L01017,
AUBANK,EQ,642,661,638,653.85,657.1,638.7,105242,68196354.45,11-OCT-2019,4207,INE949L01017,
AUBANK,EQ,657.95,663.8,640.55,643.7,644.95,653.85,203615,133539009.65,14-OCT-2019,5986,INE949L01017,
AUBANK,EQ,646,653,641,643.55,644,643.7,332462,215845428.95,15-OCT-2019,3472,INE949L01017,
AUBANK,EQ,647.55,675,643,647.45,647.9,643.55,335890,220687782.75,16-OCT-2019,10271,INE949L01017,
AUBANK,EQ,650,656,637.7,647.85,650,647.45,93629,60869337.65,17-OCT-2019,8692,INE949L01017,
AUBANK,EQ,650,666.5,641.45,654.4,654,647.85,701198,456308778.95,18-OCT-2019,11292,INE949L01017,
AUBANK,EQ,675,696.5,667,689.25,688.4,654.4,1473667,1004178737.7,22-OCT-2019,53833,INE949L01017,
AUBANK,EQ,700,700,677.1,694.25,694.35,689.25,602722,418139569.9,23-OCT-2019,18221,INE949L01017,
AUBANK,EQ,699.7,699.7,660.35,681.75,678.9,694.25,708504,481383942.95,24-OCT-2019,20012,INE949L01017,
AUBANK,EQ,680,694.95,673,688.4,690,681.75,486059,333974149.1,25-OCT-2019,24748,INE949L01017,
AUBANK,EQ,684,691,679.35,689.6,687.55,686.95,231376,159118991.05,29-OCT-2019,7882,INE949L01017,
AUBANK,EQ,713,713,685.25,689.8,688.9,689.6,370908,256470843.15,30-OCT-2019,8097,INE949L01017,
AUBANK,EQ,689,694,682,685.65,682.95,689.8,407934,280969740.05,31-OCT-2019,15517,INE949L01017,
AUBANK,EQ,690,695,666.05,688.4,687.75,685.65,477756,331052034.85,01-NOV-2019,11019,INE949L01017,
AUBANK,EQ,692,692.45,683,686.8,685.4,688.4,328041,225296025.45,04-NOV-2019,14136,INE949L01017,
AUBANK,EQ,690,691.2,671,674.75,672,686.8,195701,134188217.15,05-NOV-2019,5457,INE949L01017,
AUBANK,EQ,674.9,677.7,656,666.55,670.5,674.75,117694,78775203.05,06-NOV-2019,7373,INE949L01017,
AUBANK,EQ,670.5,691,667.5,685.1,687,666.55,358799,245976019.45,07-NOV-2019,16341,INE949L01017,
AUBANK,EQ,689,697,676,689.5,688.75,685.1,267306,184673636.5,08-NOV-2019,10589,INE949L01017,
AUBANK,EQ,688.7,720.8,685,718.4,720,689.5,1405855,993894547.95,11-NOV-2019,29701,INE949L01017,
AUBANK,EQ,720,814.9,720,808.15,811.4,718.4,4946761,3857980740.7,13-NOV-2019,179367,INE949L01017,
AUBANK,EQ,811.4,848.7,776.5,836.05,825,808.15,2697966,2220757752.5,14-NOV-2019,79768,INE949L01017,
AUBANK,EQ,820,826.7,787.7,800.8,803.1,836.05,833257,670176533.1,15-NOV-2019,31242,INE949L01017,
AUBANK,EQ,803,812,792.1,800.2,800,800.8,227568,182568060.05,18-NOV-2019,10932,INE949L01017,
AUBANK,EQ,802,829,785,817.55,828,800.2,189230,152914668.35,19-NOV-2019,6360,INE949L01017,
AUBANK,EQ,830,830,796.1,816.4,810,817.55,242179,196667818.1,20-NOV-2019,8679,INE949L01017,
AUBANK,EQ,812.9,827.7,810,817,815.5,816.4,107421,87843047.45,21-NOV-2019,5546,INE949L01017,
AUBANK,EQ,822,822,796,802.3,800,817,373463,301038535.3,22-NOV-2019,6580,INE949L01017,
AUBANK,EQ,804.9,836.4,800,825.4,823.5,802.3,193924,159251167.9,25-NOV-2019,7059,INE949L01017,
AUBANK,EQ,829.45,829.45,799,802.75,804,825.4,229222,185814703.55,26-NOV-2019,15592,INE949L01017,
AUBANK,EQ,805.9,830,805,825.3,824,802.75,258839,212811421.6,27-NOV-2019,12778,INE949L01017,
AUBANK,EQ,825.5,855,805,808.8,809,825.3,551539,458533893.9,28-NOV-2019,30943,INE949L01017,
AUBANK,EQ,812.9,826.55,806,823.75,822.9,808.8,177876,145376586.95,29-NOV-2019,7615,INE949L01017,
AUBANK,EQ,822,836.05,808.05,833.25,830.55,823.75,394629,326619295.25,02-DEC-2019,37983,INE949L01017,
AUBANK,EQ,839,839.95,807.15,810.8,812,833.25,179266,146783521.95,03-DEC-2019,14944,INE949L01017,
AUBANK,EQ,812.05,818.85,801.3,812.45,815,810.8,266053,214415506.55,04-DEC-2019,20532,INE949L01017,
AUBANK,EQ,814.8,816.5,804.55,807.9,806.5,812.45,179713,145285693.55,05-DEC-2019,16576,INE949L01017,
AUBANK,EQ,813.1,813.65,797,808,799.05,807.9,244101,196639249.1,06-DEC-2019,25078,INE949L01017,
AUBANK,EQ,808,818.5,800,809.1,806,808,198131,160942304.5,09-DEC-2019,17714,INE949L01017,
AUBANK,EQ,806,807.7,767.25,797.75,805,809.1,403976,316951053.9,10-DEC-2019,28803,INE949L01017,
AUBANK,EQ,799.95,806.85,786.6,800.25,800,797.75,190114,151559309.15,11-DEC-2019,15420,INE949L01017,
AUBANK,EQ,800,805.55,795,799.55,800,800.25,123920,99064289.05,12-DEC-2019,10985,INE949L01017,
AUBANK,EQ,803,803,791.45,795.05,792.95,799.55,625298,497394200.45,13-DEC-2019,11026,INE949L01017,
AUBANK,EQ,800.1,803.95,791.65,795.2,793.65,795.05,97545,77660872.15,16-DEC-2019,6208,INE949L01017,
AUBANK,EQ,799,800.8,790,797.15,795.65,795.2,97233,77436394.6,17-DEC-2019,7012,INE949L01017,
AUBANK,EQ,798,798,781,794.2,792.3,797.15,287842,227343761.65,18-DEC-2019,5859,INE949L01017,
AUBANK,EQ,790,796,790,794.25,795,794.2,73927,58662970.25,19-DEC-2019,3136,INE949L01017,
AUBANK,EQ,794.2,807.9,787.05,797.5,794.9,794.25,322711,256898180.7,20-DEC-2019,9631,INE949L01017,
AUBANK,EQ,796.9,796.9,791,792.15,792.05,797.5,56448,44711299.5,23-DEC-2019,3747,INE949L01017,
AUBANK,EQ,790,792.9,777.25,784.5,784,792.15,86848,68305889.4,24-DEC-2019,6128,INE949L01017,
AUBANK,EQ,789.8,828,784.5,820.4,815,784.5,247841,201331413.15,26-DEC-2019,8958,INE949L01017,
AUBANK,EQ,820.4,820.4,795,804.1,799.25,820.4,260079,209250804.9,27-DEC-2019,14077,INE949L01017,
AUBANK,EQ,801,811.5,795.35,803.25,798.8,804.1,94088,75488378,30-DEC-2019,7141,INE949L01017,
AUBANK,EQ,800,821.9,782.7,803.1,804,803.25,564939,450788204.4,31-DEC-2019,15729,INE949L01017,
AUBANK,EQ,804,809.85,792,797.7,792,803.1,89721,71646732,01-JAN-2020,7416,INE949L01017,
AUBANK,EQ,793.5,801.05,793.05,795.9,796,797.7,63607,50727401.6,02-JAN-2020,3923,INE949L01017,
AUBANK,EQ,796.8,802.5,792,797.95,794,795.9,90898,72414623.3,03-JAN-2020,6087,INE949L01017,
AUBANK,EQ,793,800.15,786.25,791.5,792.55,797.95,113478,89772562.65,06-JAN-2020,8550,INE949L01017,
AUBANK,EQ,792,808.05,788,800.7,799.75,791.5,2846702,2266660726.55,07-JAN-2020,31900,INE949L01017,
AUBANK,EQ,794,845.95,790.5,835.9,837.8,800.7,2468402,2030983191.9,08-JAN-2020,53227,INE949L01017,
AUBANK,EQ,843.75,851,826.35,836.35,828,835.9,1015164,854633817.6,09-JAN-2020,27396,INE949L01017,
AUBANK,EQ,833.9,841.5,821,824.65,822.15,836.35,302585,252499994.4,10-JAN-2020,12193,INE949L01017,
AUBANK,EQ,830,843,825.2,838.5,839.5,824.65,232878,195301912.4,13-JAN-2020,7359,INE949L01017,
AUBANK,EQ,841,850,837,847.6,848.3,838.5,330755,278531446.55,14-JAN-2020,10448,INE949L01017,
AUBANK,EQ,850.05,864.95,844.05,857.45,853,847.6,522094,447064795.85,15-JAN-2020,15762,INE949L01017,
AUBANK,EQ,859.4,884.7,859.4,877.45,878.35,857.45,592539,516032175.95,16-JAN-2020,13300,INE949L01017,
AUBANK,EQ,883,888.5,865.55,877.75,875.25,877.45,353839,311363079.05,17-JAN-2020,16456,INE949L01017,
AUBANK,EQ,884,892,875,885.9,888.95,877.75,448322,396238815.65,20-JAN-2020,9027,INE949L01017,
AUBANK,EQ,884,892,875.5,888.35,889.95,885.9,255520,226624125.05,21-JAN-2020,7539,INE949L01017,
AUBANK,EQ,892.15,899.4,882.25,887.05,885,888.35,255835,227163538.2,22-JAN-2020,12494,INE949L01017,
AUBANK,EQ,911,1008,911,974.55,976,887.05,4978519,4835271317.4,23-JAN-2020,129369,INE949L01017,
AUBANK,EQ,980,1097.9,972,1070.7,1094,974.55,4188396,4339449285.65,24-JAN-2020,135331,INE949L01017,
AUBANK,EQ,1080,1105,999,1022.05,1010,1070.7,2719116,2882069777.65,27-JAN-2020,118500,INE949L01017,
AUBANK,EQ,1009.8,1050,1005,1043.8,1050,1022.05,829489,856724655.8,28-JAN-2020,47175,INE949L01017,
AUBANK,EQ,1060,1069,1033,1046.65,1041,1043.8,284068,297906089.45,29-JAN-2020,16915,INE949L01017,
AUBANK,EQ,1047.95,1076.85,1024,1047.65,1049,1046.65,602135,632075743.45,30-JAN-2020,27951,INE949L01017,
AUBANK,EQ,1055,1073.9,1040,1064.35,1071,1047.65,421839,447838568.1,31-JAN-2020,17165,INE949L01017,
AUBANK,EQ,1038,1060,991,1043.95,1041.2,1030.9,410925,428026375.6,03-FEB-2020,24723,INE949L01017,
AUBANK,EQ,1051.8,1061.4,1044,1051.8,1050,1043.95,260618,273837661.3,04-FEB-2020,18530,INE949L01017,
AUBANK,EQ,1060,1142.75,1050.85,1095.65,1094,1051.8,1271682,1409028741.15,05-FEB-2020,61161,INE949L01017,
AUBANK,EQ,1105,1114.3,1080,1093.55,1082.45,1095.65,489724,535845629.7,06-FEB-2020,30492,INE949L01017,
AUBANK,EQ,1086.9,1147.6,1080.55,1128.1,1130,1093.55,658358,742108603.7,07-FEB-2020,49139,INE949L01017,
AUBANK,EQ,1130,1138,1101,1125.75,1126,1128.1,426689,479999503,10-FEB-2020,26774,INE949L01017,
AUBANK,EQ,1133,1178,1117,1162.9,1150,1125.75,856286,986509343.95,11-FEB-2020,45042,INE949L01017,
AUBANK,EQ,1160,1175,1132,1151.55,1157.3,1162.9,427012,493520898.45,12-FEB-2020,42063,INE949L01017,
AUBANK,EQ,1135.05,1158,1101,1148.25,1147.65,1151.55,548020,627721381.6,13-FEB-2020,35256,INE949L01017,
AUBANK,EQ,1160,1165.15,1133.35,1146.05,1142.4,1148.25,255773,293186359.9,14-FEB-2020,19173,INE949L01017,
AUBANK,EQ,1159.7,1176.4,1129,1140.25,1137,1146.05,480200,552261667.45,17-FEB-2020,38621,INE949L01017,
AUBANK,EQ,1139.9,1159,1130,1149.15,1148.55,1140.25,512951,588492340.7,18-FEB-2020,38765,INE949L01017,
AUBANK,EQ,1157.1,1204,1151.6,1165.7,1159.9,1149.15,1268368,1489536679.6,19-FEB-2020,52253,INE949L01017,
AUBANK,EQ,1165.5,1194.2,1160,1174.6,1171,1165.7,597428,702702532.6,20-FEB-2020,34067,INE949L01017,
AUBANK,EQ,1170.95,1190,1146.3,1159.2,1156.5,1174.6,617652,723740299.9,24-FEB-2020,44347,INE949L01017,
AUBANK,EQ,1164.95,1172,1153,1158.1,1156,1159.2,843953,977258474.35,25-FEB-2020,14567,INE949L01017,
AUBANK,EQ,1155,1201,1019.1,1178.95,1179,1158.1,958992,1129878958.4,26-FEB-2020,43192,INE949L01017,
AUBANK,EQ,1180,1194.1,1168.95,1179.65,1185,1178.95,534534,631676817.95,27-FEB-2020,33427,INE949L01017,
AUBANK,EQ,1164.95,1180,1140,1162.9,1150.1,1179.65,1179172,1364742156.2,28-FEB-2020,57317,INE949L01017,
AUBANK,EQ,1164.55,1218,1140.05,1155.75,1145,1162.9,1033147,1220016765.45,02-MAR-2020,56496,INE949L01017,
AUBANK,EQ,1161.95,1190,1150,1174.2,1189,1155.75,505336,590243901.55,03-MAR-2020,45260,INE949L01017,
AUBANK,EQ,1182,1188,1130,1153,1154.1,1174.2,1420792,1647742129,04-MAR-2020,54662,INE949L01017,
AUBANK,EQ,1157,1184.8,1143.25,1174.7,1183,1153,1107051,1286806883.5,05-MAR-2020,66777,INE949L01017,
AUBANK,EQ,1136,1143.4,1003,1133.75,1130,1174.7,1794701,1962706479.95,06-MAR-2020,79604,INE949L01017,
AUBANK,EQ,1104,1113,1043.15,1063.05,1044.15,1133.75,1074118,1151295425.55,09-MAR-2020,98829,INE949L01017,
AUBANK,EQ,1063,1077.1,1025,1029.45,1030.25,1063.05,714107,755405618.7,11-MAR-2020,67882,INE949L01017,
AUBANK,EQ,955.55,975,920,943.35,936.9,1029.45,1016566,961394619.3,12-MAR-2020,104099,INE949L01017,
AUBANK,EQ,905,1018.8,841,963.15,979.8,943.35,1583723,1468635582.45,13-MAR-2020,100022,INE949L01017,
AUBANK,EQ,939,988,881.1,920.05,890,963.15,1549800,1455528063.6,16-MAR-2020,121615,INE949L01017,
AUBANK,EQ,906,917.75,801.8,843.05,825,920.05,1365514,1167646396.75,17-MAR-2020,79415,INE949L01017,
AUBANK,EQ,855,855,674.45,683.95,675,843.05,3102212,2241039060.75,18-MAR-2020,122319,INE949L01017,
AUBANK,EQ,616,664.45,554.65,621.85,630,683.95,2546670,1574697232.45,19-MAR-2020,192086,INE949L01017,
AUBANK,EQ,649,684,597.55,648.2,630.2,621.85,1060698,690863361.3,20-MAR-2020,124845,INE949L01017,
AUBANK,EQ,583.4,583.4,583.4,583.4,583.4,648.2,100738,58770549.2,23-MAR-2020,2173,INE949L01017,
AUBANK,EQ,525.1,544,525.1,525.1,525.1,583.4,634927,333431179.15,24-MAR-2020,6294,INE949L01017,
AUBANK,EQ,472.6,523,472.6,473.1,472.6,525.1,1887175,908287631.65,25-MAR-2020,50312,INE949L01017,
AUBANK,EQ,476,496.75,476,496.75,496.75,473.1,304011,150690693.7,26-MAR-2020,4826,INE949L01017,
AUBANK,EQ,521.55,521.55,521.55,521.55,521.55,496.75,601974,313959539.7,27-MAR-2020,7154,INE949L01017,
AUBANK,EQ,515,547.6,495.5,495.7,495.5,521.55,1195511,620897474.15,30-MAR-2020,39642,INE949L01017,
AUBANK,EQ,515,520.45,470.95,505.35,520.45,495.7,746322,363729871.85,31-MAR-2020,48572,INE949L01017,
AUBANK,EQ,530,530,480.1,481.35,480.1,505.35,911795,455337944.95,01-APR-2020,65429,INE949L01017,
AUBANK,EQ,482,482.9,458,465.45,459.35,481.35,722400,337699851.7,03-APR-2020,47072,INE949L01017,
AUBANK,EQ,488.7,488.7,443.6,478.4,474.75,465.45,1201289,563100425.2,07-APR-2020,43813,INE949L01017,
AUBANK,EQ,461.2,490,457,480.3,473,478.4,1791057,837589012.6,08-APR-2020,59410,INE949L01017,
AUBANK,EQ,482,503.4,475.05,496.4,492,480.3,740400,367056908.85,09-APR-2020,78366,INE949L01017,
AUBANK,EQ,499,511.95,476,499.75,492.75,496.4,1552553,777300699.2,13-APR-2020,86492,INE949L01017,
AUBANK,EQ,498,509,491,502.25,507.25,499.75,648160,323487736.85,15-APR-2020,34462,INE949L01017,
AUBANK,EQ,500,524,495.1,514.1,517,502.25,476510,243197936.2,16-APR-2020,41324,INE949L01017,
AUBANK,EQ,525,539.8,524.95,539.8,539.8,514.1,730874,390876150.85,17-APR-2020,38613,INE949L01017,
AUBANK,EQ,559,566.75,549,565.8,566.75,539.8,679373,383942697.1,20-APR-2020,44861,INE949L01017,
AUBANK,EQ,555,566,537.55,559.95,550.6,565.8,626924,341385026.55,21-APR-2020,13706,INE949L01017,
AUBANK,EQ,555.7,565,532,532,532,559.95,332746,180094488.1,22-APR-2020,22703,INE949L01017,
AUBANK,EQ,511,533,505.4,506.25,505.4,532,437647,224723412.35,23-APR-2020,24641,INE949L01017,
AUBANK,EQ,496.8,526.7,486,518.05,517,506.25,505268,256231173.5,24-APR-2020,19385,INE949L01017,
AUBANK,EQ,523.6,528.9,497,516.2,516,518.05,430452,218873575.25,27-APR-2020,25098,INE949L01017,
AUBANK,EQ,520.3,525,504.7,512.65,516.05,516.2,509561,260180269.9,28-APR-2020,37794,INE949L01017,
AUBANK,EQ,517.5,538.25,511.1,538.2,538.25,512.65,509254,271843423.2,29-APR-2020,22625,INE949L01017,
AUBANK,EQ,553.9,565.1,528.25,544.25,543.65,538.2,1903795,1069984704,30-APR-2020,52702,INE949L01017,
AUBANK,EQ,517.05,517.05,517.05,517.05,517.05,544.25,109074,56396711.7,04-MAY-2020,1652,INE949L01017,
AUBANK,EQ,491.2,507.7,491.2,491.2,491.2,517.05,1036931,513481707.05,05-MAY-2020,25427,INE949L01017,
AUBANK,EQ,471.65,480.65,466.65,466.65,466.65,491.2,1093573,513018043.65,06-MAY-2020,31488,INE949L01017,
AUBANK,EQ,443.35,449.7,443.35,443.35,443.35,466.65,333903,148045069.75,07-MAY-2020,7156,INE949L01017,
AUBANK,EQ,421.2,433.7,421.2,421.2,421.2,443.35,1824021,771040368.3,08-MAY-2020,18991,INE949L01017,
AUBANK,EQ,410.6,419,400.15,400.15,400.15,421.2,1413419,572860510.1,11-MAY-2020,38592,INE949L01017,
AUBANK,EQ,390,393,380.15,380.15,380.15,400.15,1119825,426879026.35,12-MAY-2020,19779,INE949L01017,
AUBANK,EQ,399.15,399.15,399.15,399.15,399.15,380.15,488294,194902550.1,13-MAY-2020,5352,INE949L01017,
AUBANK,EQ,419.1,419.1,407.05,419.1,419.1,399.15,863407,360846871.4,14-MAY-2020,14317,INE949L01017,
AUBANK,EQ,428,440.05,415.75,417.5,417,419.1,1466643,632505092.35,15-MAY-2020,36955,INE949L01017,
AUBANK,EQ,425.5,427.5,396.65,396.95,396.65,417.5,1125490,455456469.85,18-MAY-2020,16264,INE949L01017,
AUBANK,EQ,413,414,383.1,385.85,384,396.95,584059,233157595.95,19-MAY-2020,23626,INE949L01017,
AUBANK,EQ,385,405.1,381.05,401.7,403,385.85,422575,166250639.1,20-MAY-2020,9634,INE949L01017,
AUBANK,EQ,411,421.75,403.65,420.9,421.75,401.7,725271,301878222.65,21-MAY-2020,15250,INE949L01017,
AUBANK,EQ,415,420,399.9,399.9,399.9,420.9,800996,323461851.65,22-MAY-2020,12343,INE949L01017,
AUBANK,EQ,380,394.8,380,383,385.5,399.9,400872,154347430.9,26-MAY-2020,18136,INE949L01017,
AUBANK,EQ,383,399,366,393.7,394,383,690254,264997131.7,27-MAY-2020,20203,INE949L01017,
AUBANK,EQ,392.9,404.1,386.2,398.1,397.05,393.7,360237,143497001.1,28-MAY-2020,23059,INE949L01017,
AUBANK,EQ,389,399,386.1,391.6,394.15,398.1,628315,245778721.95,29-MAY-2020,15158,INE949L01017,
AUBANK,EQ,400,411.15,400,410.05,411.1,391.6,2036271,834933193.4,01-JUN-2020,24733,INE949L01017,
AUBANK,EQ,409.4,430.55,405,430.4,430.55,410.05,656215,277629222.3,02-JUN-2020,19256,INE949L01017,
AUBANK,EQ,438,451.9,437.15,451.9,451.9,430.4,341433,153971048.55,03-JUN-2020,6169,INE949L01017,
AUBANK,EQ,474.45,474.45,445,473.7,471,451.9,2660614,1256978238.9,04-JUN-2020,49597,INE949L01017,
AUBANK,EQ,472.8,486.5,452,481.65,478,473.7,1349389,629435602.15,05-JUN-2020,30619,INE949L01017,
AUBANK,EQ,490,505.7,490,503.1,505.7,481.65,1739784,871364629.9,08-JUN-2020,41857,INE949L01017,
AUBANK,EQ,516,525.7,480,485.2,483.9,503.1,881618,445461160.9,09-JUN-2020,29775,INE949L01017,
AUBANK,EQ,485,500,482.05,486.75,487,485.2,1029060,501980458.65,10-JUN-2020,22722,INE949L01017,
AUBANK,EQ,486.75,497.65,462.45,463.45,462.45,486.75,495721,238220016.15,11-JUN-2020,20044,INE949L01017,
AUBANK,EQ,440.3,484.7,440.3,474.3,483.9,463.45,746862,339017003.1,12-JUN-2020,22832,INE949L01017,
AUBANK,EQ,483,484,450.6,456.1,455,474.3,481619,226669712.4,15-JUN-2020,12052,INE949L01017,
AUBANK,EQ,473,478.9,459,478.6,478.9,456.1,946197,449688077.25,16-JUN-2020,18880,INE949L01017,
AUBANK,EQ,477,483.9,461.9,468.5,468.9,478.6,427465,202023568.2,17-JUN-2020,21757,INE949L01017,
AUBANK,EQ,469.9,482,465.05,473.85,472,468.5,690844,326201759,18-JUN-2020,15565,INE949L01017,
AUBANK,EQ,473.85,496.5,472.6,486.15,486.8,473.85,1258733,611949139.15,19-JUN-2020,24740,INE949L01017,
AUBANK,EQ,494.4,510.45,490.05,510.45,510.45,486.15,1107026,563618066.45,22-JUN-2020,10154,INE949L01017,
AUBANK,EQ,524,535.95,520,535.95,535.95,510.45,607502,324798303.6,23-JUN-2020,4652,INE949L01017,
AUBANK,EQ,562.7,562.7,540.3,562.7,562.7,535.95,1519815,853646103.7,24-JUN-2020,9910,INE949L01017,
AUBANK,EQ,555.55,590.8,535.65,590.8,590.8,562.7,1514177,879506081.95,25-JUN-2020,36550,INE949L01017,
AUBANK,EQ,601.1,618.45,565.6,572.25,570.85,590.8,715128,420542534.45,26-JUN-2020,22572,INE949L01017,
AUBANK,EQ,565,567.9,543.65,543.65,543.65,572.25,140169,76411527.6,29-JUN-2020,3882,INE949L01017,
AUBANK,EQ,525,555,525,543.5,541.1,543.65,615575,334647012.2,30-JUN-2020,15343,INE949L01017,
AUBANK,EQ,551,568,542,558.5,558.8,543.5,366183,203654498.85,01-JUL-2020,16582,INE949L01017,
AUBANK,EQ,573.8,584,562.8,575.45,577,558.5,283658,162441688.45,02-JUL-2020,12559,INE949L01017,
AUBANK,EQ,588,588,553.35,566.95,569.9,575.45,253264,143749460.7,03-JUL-2020,9743,INE949L01017,
AUBANK,EQ,573,595.25,567.7,595.25,595.25,566.95,710784,416555521.4,06-JUL-2020,13805,INE949L01017,
AUBANK,EQ,603.95,625,590,625,625,595.25,578645,352967465.85,07-JUL-2020,13078,INE949L01017,
AUBANK,EQ,642.6,656.25,610.05,646.3,623.95,625,1389266,907141908.2,08-JUL-2020,11301,INE949L01017,
AUBANK,EQ,634.9,655,615,623.15,626,646.3,856890,543196888.7,09-JUL-2020,43365,INE949L01017,
AUBANK,EQ,624.9,638,610,622.3,623.8,623.15,420911,263292845.15,10-JUL-2020,16545,INE949L01017,
AUBANK,EQ,635,646,617,624.55,625,622.3,696280,442169743.7,13-JUL-2020,37111,INE949L01017,
AUBANK,EQ,624.55,642,617,635.85,635,624.55,460161,288610776.8,14-JUL-2020,23799,INE949L01017,
AUBANK,EQ,640,644.8,622,630,628,635.85,618743,391607399.65,15-JUL-2020,46760,INE949L01017,
AUBANK,EQ,630,645,618.35,639.1,630,630,438043,277251575,16-JUL-2020,15131,INE949L01017,
AUBANK,EQ,644.9,662,641.5,653.95,652,639.1,452265,295435530.8,17-JUL-2020,17366,INE949L01017,
AUBANK,EQ,658,686.6,658,686.6,686.6,653.95,366542,249577857.6,20-JUL-2020,15752,INE949L01017,
AUBANK,EQ,720.9,720.9,698,720.9,720.9,686.6,1588730,1139919095.9,21-JUL-2020,32482,INE949L01017,
AUBANK,EQ,722,733.85,690,722.4,718.5,720.9,1151874,828522720.25,22-JUL-2020,44232,INE949L01017,
AUBANK,EQ,729.8,758.5,725.4,754.1,758.4,722.4,742067,551793496.9,23-JUL-2020,30994,INE949L01017,
AUBANK,EQ,764,791.8,757,791.3,791.8,754.1,2932527,2317469722.1,24-JUL-2020,17631,INE949L01017,
AUBANK,EQ,772,816.9,762.2,774,773,791.3,1146852,893420149.8,27-JUL-2020,108003,INE949L01017,
AUBANK,EQ,790,804.95,766.65,785.65,785,774,1463026,1161250102.8,28-JUL-2020,42082,INE949L01017,
AUBANK,EQ,795,795,746.4,746.4,746.4,785.65,556788,424816289.9,29-JUL-2020,16986,INE949L01017,
AUBANK,EQ,742,748.4,709.1,709.1,709.1,746.4,1056528,764839894.35,30-JUL-2020,26376,INE949L01017,
AUBANK,EQ,694.95,744.55,680.6,740.45,737.5,709.1,767573,556399513.1,31-JUL-2020,20025,INE949L01017,
AUBANK,EQ,750,750,707,713.45,710,740.45,377840,275503135.9,03-AUG-2020,25572,INE949L01017,
AUBANK,EQ,723,730,693.05,696.75,697.9,713.45,274691,194434074.75,04-AUG-2020,18072,INE949L01017,
AUBANK,EQ,704.8,731.55,702.05,725.9,725.95,696.75,486742,352249490.1,05-AUG-2020,15035,INE949L01017,
AUBANK,EQ,732.75,755,720.05,736.65,738,725.9,540753,399521947.2,06-AUG-2020,19609,INE949L01017,
AUBANK,EQ,728.1,729.7,707,709.5,709.9,736.65,482417,345124222.65,07-AUG-2020,20003,INE949L01017,
AUBANK,EQ,715.5,719.8,701,702,703,709.5,268070,189763829.7,10-AUG-2020,13142,INE949L01017,
AUBANK,EQ,707.4,714.1,693.35,696.95,697.95,702,213309,150398186.65,11-AUG-2020,9487,INE949L01017,
AUBANK,EQ,701.65,730.8,694.5,724.1,722.1,696.95,447901,321208517.3,12-AUG-2020,16177,INE949L01017,
AUBANK,EQ,729.9,732.9,711,716.65,717,724.1,225259,162711114.8,13-AUG-2020,10774,INE949L01017,
AUBANK,EQ,725,725,694.4,707.9,707,716.65,191885,136564905.5,14-AUG-2020,9973,INE949L01017,
AUBANK,EQ,713.3,715.1,702.5,707.2,706.9,707.9,138704,98154257.35,17-AUG-2020,8888,INE949L01017,
AUBANK,EQ,714,725.8,707,720,723.85,707.2,310281,221662997.8,18-AUG-2020,15293,INE949L01017,
AUBANK,EQ,730,745,721.35,731.55,736,720,977432,723279575.4,19-AUG-2020,20183,INE949L01017,
AUBANK,EQ,730,737.95,716,725.9,727,731.55,231140,168413894.9,20-AUG-2020,10075,INE949L01017,
AUBANK,EQ,731,736,720,723.4,726,725.9,177858,129806232.85,21-AUG-2020,7558,INE949L01017,
AUBANK,EQ,726,744,724,733.05,735,723.4,442538,325381833.35,24-AUG-2020,24379,INE949L01017,
AUBANK,EQ,739,747,726,738.25,736,733.05,813517,601912063.45,25-AUG-2020,27933,INE949L01017,
AUBANK,EQ,740,741,727.1,733,731.4,738.25,581941,427536889.05,26-AUG-2020,17642,INE949L01017,
AUBANK,EQ,736.1,743.6,728.1,730.45,728.1,733,294529,217007085.85,27-AUG-2020,10064,INE949L01017,
AUBANK,EQ,735,762,732,736.7,734,730.45,1466947,1095572788.9,28-AUG-2020,50028,INE949L01017,
AUBANK,EQ,745,751.6,651.15,668,666.05,736.7,2088168,1436338709.95,31-AUG-2020,67366,INE949L01017,
AUBANK,EQ,672,709.85,672,701,705,668,712957,496181842.35,01-SEP-2020,39704,INE949L01017,
AUBANK,EQ,710,711.9,692.3,703.55,704.55,701,338549,237934559,02-SEP-2020,35604,INE949L01017,
AUBANK,EQ,707.35,707.35,686.4,688.7,689.95,703.55,264365,183164127.45,03-SEP-2020,25055,INE949L01017,
AUBANK,EQ,684,684,654.05,659.3,659.9,688.7,882959,584751048.15,04-SEP-2020,47240,INE949L01017,
AUBANK,EQ,663.9,663.9,632,650.6,646.1,659.3,510119,328501252.65,07-SEP-2020,29638,INE949L01017,
AUBANK,EQ,650,690,636.05,644,642.5,650.6,958941,625155065.05,08-SEP-2020,41873,INE949L01017,
AUBANK,EQ,639.9,648,631.1,641.45,640,644,360066,229148090,09-SEP-2020,16470,INE949L01017,
AUBANK,EQ,649.95,665.75,642.5,657.85,660.85,641.45,234728,153582635.4,10-SEP-2020,12323,INE949L01017,
AUBANK,EQ,660,681.45,651,673.15,680,657.85,257559,171182684.75,11-SEP-2020,13433,INE949L01017,
AUBANK,EQ,695,718.7,691.4,700.9,699.25,673.15,916606,645202968.5,14-SEP-2020,34442,INE949L01017,
AUBANK,EQ,701,708.55,677.5,700.1,697.5,700.9,500319,350324188.05,15-SEP-2020,23866,INE949L01017,
AUBANK,EQ,700,715,696,713.3,712,700.1,469789,333084301.85,16-SEP-2020,19329,INE949L01017,
AUBANK,EQ,705,709.4,695,704.9,708,713.3,154552,108665851.15,17-SEP-2020,5560,INE949L01017,
AUBANK,EQ,714.8,736.9,707.15,726.55,728.1,704.9,739071,533584472.9,18-SEP-2020,37051,INE949L01017,
AUBANK,EQ,720,734,691.1,695.75,693,726.55,327181,231432471.5,21-SEP-2020,20942,INE949L01017,
AUBANK,EQ,695.75,695.75,665,667.8,667.15,695.75,587935,396141493.2,22-SEP-2020,12848,INE949L01017,
AUBANK,EQ,668,677,647.4,654.35,654,667.8,556077,366614280.65,23-SEP-2020,17626,INE949L01017,
AUBANK,EQ,648,648,616.7,634.4,635.05,654.35,322391,201832748.95,24-SEP-2020,19380,INE949L01017,
AUBANK,EQ,617.65,667.7,617.65,656.25,655.05,634.4,583133,374979112.1,25-SEP-2020,20945,INE949L01017,
AUBANK,EQ,665,677,658.9,667.4,668.3,656.25,349634,234584663.7,28-SEP-2020,10151,INE949L01017,
AUBANK,EQ,679,679,650,656.35,652.25,667.4,366162,242449501.45,29-SEP-2020,20194,INE949L01017,
AUBANK,EQ,660,667.65,647.6,654.35,659,656.35,290840,192321224.4,30-SEP-2020,7922,INE949L01017,
AUBANK,EQ,663.1,672.7,662,666,663.9,654.35,223579,148992845.6,01-OCT-2020,6793,INE949L01017,
AUBANK,EQ,670,685,666,670.45,670.1,666,337208,226939866.5,05-OCT-2020,14141,INE949L01017,
AUBANK,EQ,675,743.7,675,734.45,731.1,670.45,727600,519888496.85,06-OCT-2020,26414,INE949L01017,
AUBANK,EQ,734,734.45,709.15,724.2,725,734.45,445106,321573333.65,07-OCT-2020,31147,INE949L01017,
AUBANK,EQ,728.8,734,720,728.9,730.95,724.2,245983,178974396.75,08-OCT-2020,18551,INE949L01017,
AUBANK,EQ,730.95,782.9,720.1,741,740.65,728.9,1056297,796635641.9,09-OCT-2020,36892,INE949L01017,
AUBANK,EQ,745.05,759.75,724.6,732.8,730,741,395594,290459373.85,12-OCT-2020,21587,INE949L01017,
AUBANK,EQ,729.9,755.35,723.8,745.2,745.05,732.8,298836,222356173.35,13-OCT-2020,10097,INE949L01017,
AUBANK,EQ,740,750,715.25,736.8,739,745.2,690288,504940503.25,14-OCT-2020,22793,INE949L01017,
AUBANK,EQ,739,754,722.55,725.6,725,736.8,378802,279264897.8,15-OCT-2020,15600,INE949L01017,
AUBANK,EQ,730,738.75,721.05,731.8,733,725.6,194590,142257516.8,16-OCT-2020,6625,INE949L01017,
AUBANK,EQ,733,772.9,726.1,767.9,766.4,731.8,701075,530274679.5,19-OCT-2020,28425,INE949L01017,
AUBANK,EQ,755,796.9,755,788.45,788.8,767.9,655463,511280874.4,20-OCT-2020,24431,INE949L01017,
AUBANK,EQ,790.2,809.25,750.1,773.55,769.5,788.45,1781360,1416510576.5,21-OCT-2020,35474,INE949L01017,
AUBANK,EQ,776,793,770.6,778.95,778.9,773.55,441830,345405595.35,22-OCT-2020,17776,INE949L01017,
AUBANK,EQ,789.95,796,780.15,789.35,793.5,778.95,212452,167148905.2,23-OCT-2020,12193,INE949L01017,
AUBANK,EQ,794.35,797,767.85,772.45,772,789.35,171056,133861603.8,26-OCT-2020,6602,INE949L01017,
AUBANK,EQ,772.45,793.05,752.5,789.65,787.5,772.45,318409,249340119.15,27-OCT-2020,12809,INE949L01017,
AUBANK,EQ,797,812,780.65,799.35,802.2,789.65,816032,654794724.9,28-OCT-2020,22928,INE949L01017,
AUBANK,EQ,797,809,772.95,782.85,776.45,799.35,372963,294877743.85,29-OCT-2020,15333,INE949L01017,
AUBANK,EQ,782,789.5,774.5,775.35,776,782.85,362248,282305579.95,30-OCT-2020,5227,INE949L01017,
AUBANK,EQ,774,784.7,763.55,769.45,770,775.35,372369,286772357.5,02-NOV-2020,22970,INE949L01017,
AUBANK,EQ,773,793.5,765.15,772.2,767.8,769.45,312071,244061967.9,03-NOV-2020,14600,INE949L01017,
AUBANK,EQ,779.85,788.9,772.2,779.6,777,772.2,460588,359256580.4,04-NOV-2020,11943,INE949L01017,
AUBANK,EQ,785,794,752,757.85,755,779.6,452801,348458202.65,05-NOV-2020,16923,INE949L01017,
AUBANK,EQ,761,789.85,761,772.2,770.8,757.85,416666,323910723.7,06-NOV-2020,14459,INE949L01017,
AUBANK,EQ,783.3,828.45,781,808.8,809,772.2,1139125,926997198.35,09-NOV-2020,38429,INE949L01017,
AUBANK,EQ,820,862,814.95,857.4,860,808.8,1875771,1582709440.25,10-NOV-2020,35511,INE949L01017,
AUBANK,EQ,870,871.95,807.75,847.15,858.95,857.4,2022919,1706431981.1,11-NOV-2020,27591,INE949L01017,
AUBANK,EQ,849,870,816.1,826.95,830,847.15,709309,597644414.15,12-NOV-2020,21211,INE949L01017,
AUBANK,EQ,830,848,801.05,844.2,844.6,826.95,366552,302925194.8,13-NOV-2020,19157,INE949L01017,
AUBANK,EQ,861.9,904.4,850,891.85,900,852.3,1931599,1684337656.2,17-NOV-2020,37498,INE949L01017,
AUBANK,EQ,900.9,945.5,872,895.85,891,891.85,2774103,2523397382,18-NOV-2020,65684,INE949L01017,
AUBANK,EQ,891,912.8,866.15,883.9,882,895.85,578854,515624104.1,19-NOV-2020,21456,INE949L01017,
AUBANK,EQ,885.35,898.15,871.4,878.05,882,883.9,315761,278479053.15,20-NOV-2020,14907,INE949L01017,
AUBANK,EQ,885,892.75,865.55,869.65,870,878.05,299844,262426385.65,23-NOV-2020,11230,INE949L01017,
AUBANK,EQ,885,891.65,870,874.35,874.5,869.65,336748,296572910.1,24-NOV-2020,12504,INE949L01017,
AUBANK,EQ,877.4,879.8,851,856.25,858,874.35,451699,391341357.3,25-NOV-2020,19807,INE949L01017,
AUBANK,EQ,859,871.1,845.6,861.05,865.4,856.25,386462,332226769.45,26-NOV-2020,18651,INE949L01017,
AUBANK,EQ,875,884.85,826,839.05,845,861.05,849900,725341041.95,27-NOV-2020,24098,INE949L01017,
AUBANK,EQ,849.5,875,840,872.9,874.85,839.05,610117,528613101.15,01-DEC-2020,27763,INE949L01017,
AUBANK,EQ,877.2,890,862,886.65,886.5,872.9,463500,408043187.95,02-DEC-2020,23805,INE949L01017,
AUBANK,EQ,890,894.1,872,880.3,882.8,886.65,286672,253668359,03-DEC-2020,13498,INE949L01017,
AUBANK,EQ,884.8,895,869,880.45,885,880.3,318975,281515635.4,04-DEC-2020,19042,INE949L01017,
AUBANK,EQ,881,909.5,880,898.65,898.3,880.45,406824,365169962.5,07-DEC-2020,20278,INE949L01017,
AUBANK,EQ,903,934,901.9,907.8,908.3,898.65,660653,604888055,08-DEC-2020,22809,INE949L01017,
AUBANK,EQ,914,925,907.3,918.9,920.1,907.8,325624,298168506.55,09-DEC-2020,14690,INE949L01017,
AUBANK,EQ,920.1,925,901.35,911.05,909,918.9,298753,271946128.95,10-DEC-2020,11518,INE949L01017,
AUBANK,EQ,913.7,923,898,920.3,919.15,911.05,516358,473518719.75,11-DEC-2020,14221,INE949L01017,
AUBANK,EQ,910,932,902,929.45,926,920.3,294365,271818723.8,14-DEC-2020,14543,INE949L01017,
AUBANK,EQ,925.7,928.25,905,922.6,920,929.45,232080,213659788.2,15-DEC-2020,10106,INE949L01017,
AUBANK,EQ,924.9,926.9,910.1,915.8,914,922.6,256234,234663866.95,16-DEC-2020,8582,INE949L01017,
AUBANK,EQ,915.8,950,910,943.15,948.45,915.8,449284,419222764.5,17-DEC-2020,17715,INE949L01017,
AUBANK,EQ,923.95,923.95,880.5,897,896,943.15,5563902,5018007060,18-DEC-2020,90595,INE949L01017,
AUBANK,EQ,900,904.45,720.45,840.45,842,897,1150235,992613520.6,21-DEC-2020,56064,INE949L01017,
AUBANK,EQ,842,880,822.25,856,862.95,840.45,687807,584202306.4,22-DEC-2020,42679,INE949L01017,
AUBANK,EQ,856,874,844.85,868.75,872,856,1300913,1119348013.65,23-DEC-2020,64242,INE949L01017,
AUBANK,EQ,870,880,853.1,867.85,869.1,868.75,793479,687501697.65,24-DEC-2020,54205,INE949L01017,
AUBANK,EQ,876.95,876.95,851,856.25,853,867.85,490614,422760279.35,28-DEC-2020,35459,INE949L01017,
AUBANK,EQ,870.1,875.75,844.1,848.45,847,856.25,1085754,933236856.15,29-DEC-2020,69215,INE949L01017,
AUBANK,EQ,855,860,841.65,852.45,852.9,848.45,591396,503548549.75,30-DEC-2020,34434,INE949L01017,
AUBANK,EQ,856,856,840.5,852.6,851.5,852.45,651841,553365544.35,31-DEC-2020,41059,INE949L01017,
AUBANK,EQ,855,880.65,847.25,875.35,876.05,852.6,756071,652048558.85,01-JAN-2021,23676,INE949L01017,
AUBANK,EQ,890,891.75,868,883.25,879.8,875.35,1346862,1187068156.55,04-JAN-2021,29129,INE949L01017,
AUBANK,EQ,889.55,890,872.5,884.65,885,883.25,766652,678188966.5,05-JAN-2021,36525,INE949L01017,
AUBANK,EQ,893,897,873,889.55,880,884.65,1308275,1163838304.1,06-JAN-2021,23838,INE949L01017,
AUBANK,EQ,893.95,900,881.15,888,889,889.55,577897,513707300.5,07-JAN-2021,26939,INE949L01017,
AUBANK,EQ,899,916.3,887.9,893.6,890,888,987790,888631245.45,08-JAN-2021,38098,INE949L01017,
AUBANK,EQ,900.85,904.5,873.5,899.45,895.35,893.6,564393,502478545.05,11-JAN-2021,38258,INE949L01017,
AUBANK,EQ,895.5,908,894.95,904.85,905,899.45,472697,426336447.3,12-JAN-2021,22368,INE949L01017,
AUBANK,EQ,908.95,908.95,884.15,892.5,889,904.85,730301,656571974.8,13-JAN-2021,18248,INE949L01017,
AUBANK,EQ,896.4,931.5,896.4,914,912.55,892.5,1015700,934107497.15,14-JAN-2021,31407,INE949L01017,
AUBANK,EQ,914,921.9,907.25,920.25,920,914,1411827,1294380091.4,15-JAN-2021,28844,INE949L01017,
AUBANK,EQ,921,923.95,880,889.35,882.25,920.25,1839699,1672297575.55,18-JAN-2021,44107,INE949L01017,
AUBANK,EQ,894.8,909.45,894,899.35,900,889.35,1348639,1213020877.4,19-JAN-2021,16222,INE949L01017,
AUBANK,EQ,904.95,930.25,892.15,920.35,915.3,899.35,946234,869914394.65,20-JAN-2021,31308,INE949L01017,
AUBANK,EQ,921.8,924.8,905,913.3,913.35,920.35,977221,893289913.75,21-JAN-2021,45206,INE949L01017,
AUBANK,EQ,913.6,914.35,881.1,896.6,891.6,913.3,658015,588545128.4,22-JAN-2021,31453,INE949L01017,
AUBANK,EQ,902,902,880,884.65,881.85,896.6,258928,230658072.25,25-JAN-2021,15456,INE949L01017,
AUBANK,EQ,885,890.95,842.5,852.65,864,884.65,565921,486959364.6,27-JAN-2021,22604,INE949L01017,
AUBANK,EQ,866,877,845,869.8,869,852.65,306074,265637559.3,28-JAN-2021,22555,INE949L01017,
AUBANK,EQ,880,887.85,862.6,872.5,866,869.8,1127886,980733171.45,29-JAN-2021,28457,INE949L01017,
AUBANK,EQ,891,950,891,941.55,934,872.5,2308622,2128473322.05,01-FEB-2021,50495,INE949L01017,
AUBANK,EQ,950.45,999,935.05,960.7,962.1,941.55,1130196,1086760607.55,02-FEB-2021,53697,INE949L01017,
AUBANK,EQ,972.8,972.8,943.7,962.5,962,960.7,811046,778239495.1,03-FEB-2021,37486,INE949L01017,
AUBANK,EQ,968.95,979,941.55,964.95,960,962.5,851870,821684677.4,04-FEB-2021,48300,INE949L01017,
AUBANK,EQ,970,995,965,981.9,980,964.95,747248,732286067.85,05-FEB-2021,38273,INE949L01017,
AUBANK,EQ,989.7,1045,987.5,1032.35,1020,981.9,857645,877596441.6,08-FEB-2021,45491,INE949L01017,
AUBANK,EQ,1039.8,1081,1039,1063.35,1064,1032.35,821236,875556475,09-FEB-2021,40833,INE949L01017,
AUBANK,EQ,1074,1114.8,1057.85,1099,1111,1063.35,1145055,1236757359.3,10-FEB-2021,44613,INE949L01017,
AUBANK,EQ,1103.9,1136.95,1085.05,1125.9,1130,1099,706879,787334746.75,11-FEB-2021,35790,INE949L01017,
AUBANK,EQ,1125,1125.9,1055.5,1099.3,1107,1125.9,797049,871878678.2,12-FEB-2021,37956,INE949L01017,
AUBANK,EQ,1110,1114.75,1060.9,1091.6,1097.55,1099.3,591093,644428420.35,15-FEB-2021,36252,INE949L01017,
AUBANK,EQ,1089,1128,1075.3,1092.75,1100,1091.6,455426,500881965.75,16-FEB-2021,22481,INE949L01017,
AUBANK,EQ,1092.75,1112.25,1081,1098.1,1095.3,1092.75,394405,433072746.05,17-FEB-2021,32477,INE949L01017,
AUBANK,EQ,1098.5,1154.4,1091.45,1134.8,1130,1098.1,1356719,1526168056.55,18-FEB-2021,40111,INE949L01017,
AUBANK,EQ,1123.9,1131.7,1083.6,1109,1108,1134.8,553747,616445156.9,19-FEB-2021,34119,INE949L01017,
AUBANK,EQ,1109,1128,1048,1074.85,1079,1109,462383,501726277.85,22-FEB-2021,27039,INE949L01017,
AUBANK,EQ,1071,1123.2,1071,1118.45,1120.65,1074.85,672795,748972473.6,23-FEB-2021,29312,INE949L01017,
AUBANK,EQ,1145.9,1197.95,1140.2,1186.3,1196,1118.45,571815,664858200.3,24-FEB-2021,21190,INE949L01017,
AUBANK,EQ,1197,1207,1158.05,1166.7,1172,1186.3,636284,749435063.45,25-FEB-2021,36327,INE949L01017,
AUBANK,EQ,1158,1158.55,1090.45,1126.5,1132,1166.7,853014,957384961.85,26-FEB-2021,49985,INE949L01017,
AUBANK,EQ,1138,1165.05,1127.6,1148.45,1149,1126.5,754157,863444366.55,01-MAR-2021,31045,INE949L01017,
AUBANK,EQ,1159.9,1175,1141.6,1151.5,1159.75,1148.45,410197,474735218.5,02-MAR-2021,23938,INE949L01017,
AUBANK,EQ,1162.4,1225,1136.55,1200.9,1215,1151.5,2078700,2414336892.6,03-MAR-2021,39081,INE949L01017,
AUBANK,EQ,1187.65,1290,1176.8,1268,1274,1200.9,2247523,2827179262.35,04-MAR-2021,107118,INE949L01017,
AUBANK,EQ,1274,1293.65,1231.2,1260.7,1274,1268,1383020,1755308826.75,05-MAR-2021,73505,INE949L01017,
AUBANK,EQ,1274.4,1290,1242.9,1264.05,1259.95,1260.7,925121,1175572716.5,08-MAR-2021,40826,INE949L01017,
AUBANK,EQ,1259.95,1316.95,1217,1232.55,1236,1264.05,2398975,3042798288.8,09-MAR-2021,85251,INE949L01017,
AUBANK,EQ,1254,1268,1202.8,1253.25,1251.9,1232.55,1184012,1469654524.2,10-MAR-2021,38505,INE949L01017,
AUBANK,EQ,1258.25,1274.8,1235,1255.45,1248,1253.25,803163,1008789587.9,12-MAR-2021,31181,INE949L01017,
AUBANK,EQ,1249.95,1251.7,1179,1188.55,1190.85,1255.45,1246722,1489509991.15,15-MAR-2021,46490,INE949L01017,
AUBANK,EQ,1211.05,1237.65,1208.35,1230.05,1229,1188.55,1120525,1371796934.25,16-MAR-2021,46955,INE949L01017,
AUBANK,EQ,1229,1229,1164.35,1169.85,1175.05,1230.05,812250,964195962.15,17-MAR-2021,32406,INE949L01017,
AUBANK,EQ,1197,1210,1148,1164.9,1169,1169.85,1008328,1190446361.5,18-MAR-2021,33877,INE949L01017,
AUBANK,EQ,1124,1222.35,1124,1197.75,1201.65,1164.9,975558,1144520346.75,19-MAR-2021,48688,INE949L01017,
AUBANK,EQ,1209,1234.75,1195,1222.9,1220.3,1197.75,758035,925195209.05,22-MAR-2021,36627,INE949L01017,
AUBANK,EQ,1235,1271.9,1220.35,1245.3,1230.7,1222.9,1286084,1609203546.8,23-MAR-2021,47199,INE949L01017,
AUBANK,EQ,1236,1253.65,1215,1225.6,1224,1245.3,772958,952476693.65,24-MAR-2021,28109,INE949L01017,
AUBANK,EQ,1229.95,1229.95,1135.1,1150.5,1146,1225.6,1213791,1410126598.25,25-MAR-2021,59000,INE949L01017,
AUBANK,EQ,1164.5,1195.9,1148.75,1178.5,1175,1150.5,868589,1017797107.85,26-MAR-2021,44522,INE949L01017,
AUBANK,EQ,1199.95,1354.4,1165,1298.9,1308.5,1178.5,7650630,9864378082.25,30-MAR-2021,87578,INE949L01017,
AUBANK,EQ,1280,1283.05,1216.45,1227.85,1236,1298.9,1930957,2393470890,31-MAR-2021,67723,INE949L01017,
AUBANK,EQ,1250,1278,1215,1267.9,1265.4,1227.85,1087053,1352984782.05,01-APR-2021,43594,INE949L01017,
AUBANK,EQ,1262,1264,1217.05,1228.5,1228,1267.9,872471,1076422636.15,05-APR-2021,41401,INE949L01017,
AUBANK,EQ,1231,1254,1201.25,1223.1,1222,1228.5,656464,810048209.15,06-APR-2021,29812,INE949L01017,
AUBANK,EQ,1223.05,1257.45,1200.15,1233.15,1232,1223.1,824612,1018276020,07-APR-2021,47003,INE949L01017,
AUBANK,EQ,1238.95,1265,1234,1251.9,1250.3,1233.15,964208,1208859040.9,08-APR-2021,41766,INE949L01017,
AUBANK,EQ,1250,1250,1170.05,1174.5,1179.9,1251.9,1822389,2185238833.6,09-APR-2021,70223,INE949L01017,
AUBANK,EQ,1153,1153,1025.45,1076.5,1082,1174.5,2390990,2566002561,12-APR-2021,100420,INE949L01017,
AUBANK,EQ,1076.5,1105.9,1034.85,1080.8,1085,1076.5,2453716,2627354276.25,13-APR-2021,121976,INE949L01017,
AUBANK,EQ,1080.8,1104,1040,1055.45,1067.15,1080.8,2332608,2501412823,15-APR-2021,77741,INE949L01017,
AUBANK,EQ,1060,1099.5,1060,1077.1,1075.1,1055.45,1132546,1225662330,16-APR-2021,35209,INE949L01017,
AUBANK,EQ,1035,1035,973.3,1015.85,1014.05,1077.1,2142595,2156768937.6,19-APR-2021,78312,INE949L01017,
AUBANK,EQ,1025,1055,1020,1041.3,1039.55,1015.85,1478306,1538274586.9,20-APR-2021,52940,INE949L01017,
AUBANK,EQ,1010,1108.95,1005,1094.45,1090,1041.3,1728561,1836878020.1,22-APR-2021,59377,INE949L01017,
AUBANK,EQ,1089.85,1128.5,1053.3,1075.5,1069,1094.45,2257183,2477673782.6,23-APR-2021,68192,INE949L01017,
AUBANK,EQ,1081,1096,1045,1051.5,1048.95,1075.5,2303376,2470191969.6,26-APR-2021,63324,INE949L01017,
AUBANK,EQ,1049.95,1096.95,1038,1085.8,1088.25,1051.5,1585637,1692092534,27-APR-2021,46239,INE949L01017,
AUBANK,EQ,1095,1159,1071.65,1148.8,1140,1085.8,2143197,2399044706.65,28-APR-2021,58708,INE949L01017,
AUBANK,EQ,1145,1172,1115,1124.5,1125.15,1148.8,2613836,2971105656.55,29-APR-2021,68025,INE949L01017,
AUBANK,EQ,1072,1084,995.05,1004.3,1003,1124.5,6957375,7137264613.65,30-APR-2021,175907,INE949L01017,
AUBANK,EQ,949,950,914.25,924.05,924.6,1004.3,6959261,6466132839.1,03-MAY-2021,170359,INE949L01017,
AUBANK,EQ,940,957.45,912.6,915.5,916.5,924.05,3514455,3272429777.5,04-MAY-2021,97067,INE949L01017,
AUBANK,EQ,930,952.45,910,942.05,944.5,915.5,4578774,4280118280.2,05-MAY-2021,94246,INE949L01017,
AUBANK,EQ,951,972,934.75,956.95,958,942.05,2354405,2242835368.35,06-MAY-2021,51555,INE949L01017,
AUBANK,EQ,945,953.25,924.9,928.85,928.5,956.95,1811962,1693031566.25,07-MAY-2021,43887,INE949L01017,
AUBANK,EQ,944,950.9,935,946.75,950,928.85,1196605,1129375753.9,10-MAY-2021,32833,INE949L01017,
AUBANK,EQ,934,978.15,930.5,969.75,965,946.75,1875705,1797177374.65,11-MAY-2021,44062,INE949L01017,
AUBANK,EQ,960,965,946.9,954.75,956.95,969.75,1270987,1213484319.9,12-MAY-2021,29462,INE949L01017,
AUBANK,EQ,965,973.5,941.15,946.75,943.8,954.75,1027888,987785216.85,14-MAY-2021,24203,INE949L01017,
AUBANK,EQ,954.5,954.5,928.5,942.1,943.2,946.75,1703609,1601034007.3,17-MAY-2021,41690,INE949L01017,
AUBANK,EQ,956,990.55,951.1,986.6,987,942.1,2241294,2191666442.15,18-MAY-2021,73722,INE949L01017,
AUBANK,EQ,985,997.85,971,983.45,983.55,986.6,1362004,1339515901,19-MAY-2021,49777,INE949L01017,
AUBANK,EQ,980,989.35,958.55,960.1,960,983.45,1187206,1147711782.1,20-MAY-2021,44428,INE949L01017,
AUBANK,EQ,960.1,988.95,960.05,980.5,979.35,960.1,1169852,1145303876.1,21-MAY-2021,39555,INE949L01017,
AUBANK,EQ,985,989.85,970.25,978.4,976.4,980.5,832195,815711725.45,24-MAY-2021,32384,INE949L01017,
AUBANK,EQ,983,983.9,960.3,963.8,966,978.4,720362,698668476.05,25-MAY-2021,30158,INE949L01017,
AUBANK,EQ,970,973,952,963.05,961.8,963.8,1036499,996307417.6,26-MAY-2021,30258,INE949L01017,
AUBANK,EQ,968,994,964.15,982.3,982.85,963.05,1527546,1501060182.6,27-MAY-2021,43523,INE949L01017,
AUBANK,EQ,990,1008,982,995.45,994.95,982.3,2018038,2010772164.1,28-MAY-2021,44542,INE949L01017,
AUBANK,EQ,998.75,1000,979.65,988.55,989.4,995.45,741837,733055800.55,31-MAY-2021,22244,INE949L01017,
AUBANK,EQ,990,994.8,976,989.1,989.3,988.55,543662,535868857.65,01-JUN-2021,19807,INE949L01017,
AUBANK,EQ,987,1014.95,985.05,1009.8,1014,989.1,607384,608041196.75,02-JUN-2021,24542,INE949L01017,
AUBANK,EQ,1020,1024.4,998.4,1006.7,1007.5,1009.8,748133,754456789.15,03-JUN-2021,29475,INE949L01017,
AUBANK,EQ,1006,1020.3,997.4,1001.95,1008.8,1006.7,697026,703060418.85,04-JUN-2021,23168,INE949L01017,
AUBANK,EQ,1008.8,1029.85,1006,1022.1,1023,1001.95,596448,606399640.05,07-JUN-2021,22296,INE949L01017,
AUBANK,EQ,1029,1029.1,1003.05,1007.55,1007.5,1022.1,479679,484255889.6,08-JUN-2021,20520,INE949L01017,
AUBANK,EQ,1006.8,1020,981.25,995.8,996.4,1007.55,992296,993585986.45,09-JUN-2021,32654,INE949L01017,
AUBANK,EQ,1000,1001.25,980,992.55,994.05,995.8,777855,770049432.75,10-JUN-2021,31807,INE949L01017,
AUBANK,EQ,996,1063.7,996,1046.05,1050.9,992.55,3552844,3715395379.75,11-JUN-2021,95763,INE949L01017,
AUBANK,EQ,1050,1079.5,1011.55,1070,1069.1,1046.05,2489156,2622418500.35,14-JUN-2021,72062,INE949L01017,
AUBANK,EQ,1079.65,1087.6,1057.3,1061.35,1060,1070,1065680,1140459151.9,15-JUN-2021,36040,INE949L01017,
AUBANK,EQ,1064,1065.2,1036.2,1040.5,1041,1061.35,492630,517393418.9,16-JUN-2021,19067,INE949L01017,
AUBANK,EQ,1028,1056.35,1007.35,1026.3,1020,1040.5,1225606,1268171002.65,17-JUN-2021,37860,INE949L01017,
AUBANK,EQ,1027.9,1049.95,1007.65,1027.65,1024.8,1026.3,1479855,1517837331.95,18-JUN-2021,51528,INE949L01017,
AUBANK,EQ,1017.95,1061.7,1004.75,1053.4,1057.5,1027.65,1021068,1064919766.4,21-JUN-2021,30780,INE949L01017,
AUBANK,EQ,1065.1,1073.35,1025,1030.25,1032,1053.4,1201254,1255669349,22-JUN-2021,54824,INE949L01017,
AUBANK,EQ,1033.15,1047.15,1014.5,1017.15,1018.2,1030.25,610559,628506329.1,23-JUN-2021,22338,INE949L01017,
AUBANK,EQ,1025,1035,1006.6,1010.15,1009.05,1017.15,964693,983981571.5,24-JUN-2021,26830,INE949L01017,
AUBANK,EQ,1019.55,1040.3,1016.2,1035.6,1031,1010.15,725955,748408673.25,25-JUN-2021,21329,INE949L01017,
AUBANK,EQ,1040,1056,1029,1050.45,1055.95,1035.6,662050,691527425.95,28-JUN-2021,21180,INE949L01017,
AUBANK,EQ,1053.5,1085.55,1040,1077.3,1079.4,1050.45,2210068,2358730224.75,29-JUN-2021,50914,INE949L01017,
AUBANK,EQ,1080.2,1083.5,1032,1035.85,1039.5,1077.3,1611577,1698872176.15,30-JUN-2021,42162,INE949L01017,
AUBANK,EQ,1042,1044.9,1020.05,1022.65,1023.85,1035.85,900991,928250968.25,01-JUL-2021,27226,INE949L01017,
AUBANK,EQ,1024,1042.2,1024,1038.85,1039,1022.65,726010,752046326.3,02-JUL-2021,24236,INE949L01017,
AUBANK,EQ,1044.95,1047.5,1021.75,1030.35,1031,1038.85,656418,677908957.15,05-JUL-2021,19637,INE949L01017,
AUBANK,EQ,1056,1142.75,1056,1114.3,1115,1030.35,8577690,9588239186.95,06-JUL-2021,192430,INE949L01017,
AUBANK,EQ,1109,1133,1091,1125,1124,1114.3,1542754,1715356069.9,07-JUL-2021,41010,INE949L01017,
AUBANK,EQ,1115,1153.4,1111.75,1141.4,1143.8,1125,1965530,2239421100,08-JUL-2021,45568,INE949L01017,
AUBANK,EQ,1141,1200,1131.45,1194.7,1191.05,1141.4,3189531,3715281534.15,09-JUL-2021,62447,INE949L01017,
AUBANK,EQ,1190.95,1206.5,1176,1188,1187,1194.7,1788684,2125047189.65,12-JUL-2021,38742,INE949L01017,
AUBANK,EQ,1196,1202,1178.05,1181.7,1182.8,1188,777966,922955968.75,13-JUL-2021,22333,INE949L01017,
AUBANK,EQ,1181,1197.3,1180,1191.8,1189,1181.7,561721,668056952.2,14-JUL-2021,17918,INE949L01017,
AUBANK,EQ,1192,1260,1190.5,1248.4,1251,1191.8,1983177,2441760151.55,15-JUL-2021,57521,INE949L01017,
AUBANK,EQ,1251.5,1255,1222.15,1227.45,1228,1248.4,555921,685015056.1,16-JUL-2021,19619,INE949L01017,
